time,GRDC_1160815,US_09447000
2001-01-01,4.089,0.793
2001-01-02,6.633,0.821
2001-01-03,6.530,0.821
2001-01-04,4.725,0.821
2001-01-05,4.242,0.765
2001-01-06,3.968,0.793
2001-01-07,3.804,0.821
2001-01-08,3.694,0.821
2001-01-09,2.710,0.906
2001-01-10,1.587,0.906
2001-01-11,1.347,0.821
2001-01-12,1.157,0.793
2001-01-13,1.028,0.878
2001-01-14,0.914,0.821
2001-01-15,0.881,0.793
2001-01-16,0.947,0.793
2001-01-17,0.965,0.850
2001-01-18,0.830,0.793
2001-01-19,0.747,0.736
2001-01-20,0.693,0.708
2001-01-21,0.691,0.736
2001-01-22,0.627,0.736
2001-01-23,0.590,0.765
2001-01-24,0.550,0.765
2001-01-25,0.511,0.765
2001-01-26,0.514,0.736
2001-01-27,0.492,0.821
2001-01-28,0.459,0.906
2001-01-29,0.428,0.850
2001-01-30,0.447,0.821
2001-01-31,0.497,0.793
2001-02-01,0.435,0.765
2001-02-02,0.405,0.736
2001-02-03,0.373,0.736
2001-02-04,0.335,0.651
2001-02-05,0.310,0.623
2001-02-06,0.299,0.595
2001-02-07,0.292,0.538
2001-02-08,1.253,0.623
2001-02-09,18.243,0.651
2001-02-10,4.306,0.680
2001-02-11,2.112,0.651
2001-02-12,1.363,0.566
2001-02-13,0.980,0.623
2001-02-14,1.645,0.793
2001-02-15,1.824,0.821
2001-02-16,1.184,0.906
2001-02-17,1.000,0.934
2001-02-18,12.050,0.878
2001-02-19,25.605,0.793
2001-02-20,7.668,0.736
2001-02-21,4.010,0.680
2001-02-22,2.790,0.651
2001-02-23,2.256,0.708
2001-02-24,2.176,0.765
2001-02-25,2.221,0.793
2001-02-26,1.847,0.850
2001-02-27,1.599,0.850
2001-02-28,2.509,0.906
2001-03-01,1.796,0.934
2001-03-02,1.386,0.934
2001-03-03,1.137,0.934
2001-03-04,0.979,0.906
2001-03-05,0.854,0.878
2001-03-06,0.772,0.821
2001-03-07,0.696,0.821
2001-03-08,0.618,0.963
2001-03-09,0.580,1.019
2001-03-10,0.553,1.161
2001-03-11,0.565,1.614
2001-03-12,0.620,1.812
2001-03-13,0.594,1.671
2001-03-14,0.527,1.444
2001-03-15,0.507,1.246
2001-03-16,0.465,1.189
2001-03-17,0.431,1.189
2001-03-18,0.456,1.161
2001-03-19,0.600,1.133
2001-03-20,0.760,1.104
2001-03-21,1.543,1.104
2001-03-22,0.980,1.104
2001-03-23,1.886,1.161
2001-03-24,13.249,1.161
2001-03-25,12.186,1.161
2001-03-26,5.868,1.161
2001-03-27,4.448,1.133
2001-03-28,3.879,1.048
2001-03-29,3.580,0.934
2001-03-30,3.371,0.878
2001-03-31,3.230,0.821
2001-04-01,3.419,0.850
2001-04-02,3.501,0.963
2001-04-03,2.252,0.963
2001-04-04,0.972,0.934
2001-04-05,0.978,0.963
2001-04-06,1.213,2.662
2001-04-07,1.124,4.446
2001-04-08,1.371,3.568
2001-04-09,2.207,3.115
2001-04-10,1.421,2.775
2001-04-11,2.046,2.577
2001-04-12,5.141,2.407
2001-04-13,1.586,2.265
2001-04-14,1.139,2.180
2001-04-15,1.191,2.039
2001-04-16,1.229,1.897
2001-04-17,1.085,1.756
2001-04-18,0.953,1.586
2001-04-19,0.851,1.359
2001-04-20,0.867,1.218
2001-04-21,0.841,1.189
2001-04-22,0.823,1.189
2001-04-23,0.804,1.189
2001-04-24,0.706,1.189
2001-04-25,0.684,1.189
2001-04-26,0.657,1.161
2001-04-27,0.648,1.161
2001-04-28,0.648,1.133
2001-04-29,0.705,1.076
2001-04-30,0.766,0.991
2001-05-01,2.468,0.934
2001-05-02,1.012,0.906
2001-05-03,0.839,0.878
2001-05-04,0.848,0.850
2001-05-05,0.726,0.878
2001-05-06,0.598,0.850
2001-05-07,0.556,0.821
2001-05-08,0.517,0.793
2001-05-09,0.489,0.793
2001-05-10,0.468,0.765
2001-05-11,0.451,0.765
2001-05-12,0.447,0.821
2001-05-13,0.439,0.934
2001-05-14,0.433,0.934
2001-05-15,0.425,0.991
2001-05-16,0.413,0.906
2001-05-17,0.401,0.850
2001-05-18,0.388,0.850
2001-05-19,0.381,1.019
2001-05-20,0.377,1.133
2001-05-21,0.361,1.048
2001-05-22,0.356,0.906
2001-05-23,0.371,0.878
2001-05-24,0.355,0.821
2001-05-25,0.351,0.765
2001-05-26,0.336,0.765
2001-05-27,0.315,0.821
2001-05-28,0.316,0.821
2001-05-29,0.317,0.793
2001-05-30,0.313,0.793
2001-05-31,0.338,0.793
2001-06-01,0.341,0.850
2001-06-02,0.326,0.878
2001-06-03,0.326,0.850
2001-06-04,0.319,0.850
2001-06-05,0.308,0.878
2001-06-06,0.297,0.793
2001-06-07,0.298,0.736
2001-06-08,0.301,0.736
2001-06-09,0.294,0.708
2001-06-10,0.285,0.651
2001-06-11,0.282,0.680
2001-06-12,0.279,0.680
2001-06-13,0.273,0.651
2001-06-14,0.271,0.623
2001-06-15,0.261,0.765
2001-06-16,0.268,0.878
2001-06-17,0.268,0.850
2001-06-18,0.274,0.878
2001-06-19,0.266,0.821
2001-06-20,0.254,0.821
2001-06-21,0.261,0.850
2001-06-22,0.272,0.878
2001-06-23,0.280,0.821
2001-06-24,0.298,0.850
2001-06-25,0.295,0.793
2001-06-26,0.294,0.821
2001-06-27,0.291,0.793
2001-06-28,0.287,0.736
2001-06-29,0.286,0.708
2001-06-30,0.291,0.595
2001-07-01,0.295,0.566
2001-07-02,0.295,0.566
2001-07-03,0.284,0.566
2001-07-04,0.271,0.538
2001-07-05,0.267,0.538
2001-07-06,0.250,0.566
2001-07-07,0.247,0.850
2001-07-08,0.268,0.765
2001-07-09,0.283,0.991
2001-07-10,0.276,1.076
2001-07-11,0.264,0.850
2001-07-12,0.263,0.623
2001-07-13,0.259,0.566
2001-07-14,0.258,0.566
2001-07-15,0.257,0.651
2001-07-16,0.257,0.651
2001-07-17,0.259,0.680
2001-07-18,0.239,0.821
2001-07-19,0.214,0.850
2001-07-20,0.193,0.793
2001-07-21,0.196,0.906
2001-07-22,0.213,0.878
2001-07-23,0.230,0.793
2001-07-24,0.230,0.736
2001-07-25,0.221,0.736
2001-07-26,0.220,0.793
2001-07-27,0.238,0.765
2001-07-28,0.238,0.878
2001-07-29,0.232,0.821
2001-07-30,0.239,0.934
2001-07-31,0.243,1.076
2001-08-01,0.241,0.821
2001-08-02,0.225,0.651
2001-08-03,0.237,0.736
2001-08-04,0.219,0.651
2001-08-05,0.220,0.538
2001-08-06,0.235,0.510
2001-08-07,0.232,0.481
2001-08-08,0.208,0.566
2001-08-09,0.192,0.963
2001-08-10,0.188,0.680
2001-08-11,0.176,0.595
2001-08-12,0.180,0.680
2001-08-13,0.191,0.878
2001-08-14,0.190,0.850
2001-08-15,0.174,0.850
2001-08-16,0.159,0.821
2001-08-17,0.163,0.793
2001-08-18,0.143,0.765
2001-08-19,0.150,0.736
2001-08-20,0.143,0.708
2001-08-21,0.166,0.623
2001-08-22,0.155,0.566
2001-08-23,0.150,0.510
2001-08-24,0.149,0.510
2001-08-25,0.153,0.510
2001-08-26,0.152,0.481
2001-08-27,0.158,0.453
2001-08-28,0.160,0.425
2001-08-29,0.139,0.481
2001-08-30,0.158,0.736
2001-08-31,0.155,0.765
2001-09-01,0.156,0.595
2001-09-02,0.157,0.510
2001-09-03,0.172,0.453
2001-09-04,0.151,0.425
2001-09-05,0.131,0.425
2001-09-06,0.125,0.396
2001-09-07,0.110,0.396
2001-09-08,0.123,0.396
2001-09-09,0.139,0.396
2001-09-10,0.133,0.396
2001-09-11,0.135,0.396
2001-09-12,0.233,0.396
2001-09-13,9.356,0.425
2001-09-14,10.547,0.510
2001-09-15,7.584,0.510
2001-09-16,5.003,0.510
2001-09-17,3.656,0.481
2001-09-18,2.595,0.453
2001-09-19,1.804,0.396
2001-09-20,1.497,0.396
2001-09-21,1.261,0.396
2001-09-22,1.031,0.396
2001-09-23,0.895,0.396
2001-09-24,0.724,0.425
2001-09-25,0.630,0.425
2001-09-26,0.561,0.425
2001-09-27,0.527,0.396
2001-09-28,0.510,0.396
2001-09-29,0.499,0.425
2001-09-30,0.489,0.425
2001-10-01,0.450,0.447
2001-10-02,0.416,0.476
2001-10-03,0.368,0.527
2001-10-04,0.353,0.541
2001-10-05,0.312,0.487
2001-10-06,0.275,0.490
2001-10-07,0.263,0.580
2001-10-08,0.264,0.586
2001-10-09,0.293,0.580
2001-10-10,0.282,0.552
2001-10-11,0.254,0.496
2001-10-12,0.240,0.476
2001-10-13,0.239,0.462
2001-10-14,0.247,0.464
2001-10-15,0.268,0.453
2001-10-16,0.277,0.453
2001-10-17,0.271,0.459
2001-10-18,0.260,0.464
2001-10-19,0.239,0.459
2001-10-20,0.287,0.462
2001-10-21,0.447,0.464
2001-10-22,0.687,0.476
2001-10-23,0.564,0.501
2001-10-24,0.436,0.510
2001-10-25,0.817,0.518
2001-10-26,4.212,0.510
2001-10-27,2.000,0.513
2001-10-28,1.531,0.515
2001-10-29,10.179,0.513
2001-10-30,5.382,0.513
2001-10-31,3.027,0.513
2001-11-01,2.050,0.504
2001-11-02,1.635,0.445
2001-11-03,1.295,0.442
2001-11-04,1.035,0.450
2001-11-05,0.827,0.470
2001-11-06,0.667,0.552
2001-11-07,0.585,0.569
2001-11-08,0.588,0.538
2001-11-09,3.544,0.524
2001-11-10,4.874,0.541
2001-11-11,3.223,0.552
2001-11-12,2.158,0.561
2001-11-13,1.675,0.564
2001-11-14,1.425,0.569
2001-11-15,4.938,0.555
2001-11-16,42.978,0.535
2001-11-17,67.713,0.527
2001-11-18,28.389,0.524
2001-11-19,17.871,0.527
2001-11-20,12.375,0.538
2001-11-21,10.090,0.552
2001-11-22,7.647,0.552
2001-11-23,6.693,0.569
2001-11-24,6.114,0.564
2001-11-25,26.489,0.578
2001-11-26,50.959,0.575
2001-11-27,28.226,0.600
2001-11-28,20.262,0.606
2001-11-29,13.268,0.586
2001-11-30,9.223,0.541
2001-12-01,7.248,0.532
2001-12-02,6.475,0.530
2001-12-03,5.908,0.532
2001-12-04,5.430,0.547
2001-12-05,5.219,0.532
2001-12-06,4.743,0.521
2001-12-07,4.396,0.538
2001-12-08,4.117,0.518
2001-12-09,3.931,0.521
2001-12-10,3.770,0.521
2001-12-11,3.477,0.521
2001-12-12,3.266,0.572
2001-12-13,3.264,0.544
2001-12-14,3.532,0.496
2001-12-15,3.495,0.459
2001-12-16,3.132,0.470
2001-12-17,3.535,0.456
2001-12-18,4.261,0.439
2001-12-19,3.411,0.439
2001-12-20,5.061,0.459
2001-12-21,2.648,0.453
2001-12-22,3.725,0.453
2001-12-23,17.612,0.481
2001-12-24,17.894,0.481
2001-12-25,7.672,0.481
2001-12-26,8.512,0.453
2001-12-27,4.454,0.425
2001-12-28,3.100,0.425
2001-12-29,2.731,0.425
2001-12-30,2.905,0.453
2001-12-31,2.936,0.481
2002-01-01,3.285,0.481
2002-01-02,2.831,0.510
2002-01-03,2.446,0.510
2002-01-04,2.316,0.481
2002-01-05,2.832,0.481
2002-01-06,5.711,0.481
2002-01-07,4.807,0.481
2002-01-08,3.372,0.481
2002-01-09,3.391,0.453
2002-01-10,2.892,0.453
2002-01-11,2.444,0.481
2002-01-12,2.221,0.510
2002-01-13,1.937,0.481
2002-01-14,1.795,0.481
2002-01-15,1.742,0.481
2002-01-16,1.660,0.510
2002-01-17,1.557,0.510
2002-01-18,1.468,0.518
2002-01-19,1.404,0.513
2002-01-20,1.388,0.513
2002-01-21,1.345,0.507
2002-01-22,1.649,0.504
2002-01-23,1.643,0.518
2002-01-24,2.249,0.532
2002-01-25,4.167,0.513
2002-01-26,6.356,0.510
2002-01-27,10.903,0.510
2002-01-28,4.555,0.524
2002-01-29,3.107,0.538
2002-01-30,2.784,0.566
2002-01-31,14.875,0.566
2002-02-01,21.528,0.566
2002-02-02,6.246,0.538
2002-02-03,4.323,0.538
2002-02-04,3.423,0.538
2002-02-05,3.083,0.510
2002-02-06,2.692,0.510
2002-02-07,2.827,0.510
2002-02-08,3.632,0.510
2002-02-09,4.512,0.510
2002-02-10,3.334,0.510
2002-02-11,2.766,0.481
2002-02-12,2.522,0.481
2002-02-13,3.058,0.481
2002-02-14,2.646,0.481
2002-02-15,2.401,0.481
2002-02-16,2.537,0.481
2002-02-17,2.487,0.481
2002-02-18,2.263,0.481
2002-02-19,2.135,0.481
2002-02-20,2.033,0.453
2002-02-21,1.910,0.453
2002-02-22,1.849,0.453
2002-02-23,1.828,0.453
2002-02-24,1.763,0.453
2002-02-25,1.704,0.453
2002-02-26,1.341,0.453
2002-02-27,0.599,0.453
2002-02-28,0.620,0.453
2002-03-01,0.597,0.453
2002-03-02,8.164,0.450
2002-03-03,3.759,0.453
2002-03-04,7.812,0.462
2002-03-05,3.243,0.464
2002-03-06,2.070,0.479
2002-03-07,4.417,0.498
2002-03-08,3.526,0.535
2002-03-09,2.774,0.538
2002-03-10,1.990,0.524
2002-03-11,1.901,0.510
2002-03-12,2.715,0.507
2002-03-13,1.790,0.501
2002-03-14,2.583,0.484
2002-03-15,1.885,0.484
2002-03-16,1.270,0.484
2002-03-17,1.043,0.501
2002-03-18,0.913,0.510
2002-03-19,0.789,0.510
2002-03-20,0.665,0.510
2002-03-21,0.605,0.510
2002-03-22,0.549,0.510
2002-03-23,0.506,0.510
2002-03-24,0.474,0.507
2002-03-25,0.457,0.507
2002-03-26,0.448,0.507
2002-03-27,0.410,0.504
2002-03-28,0.342,0.504
2002-03-29,0.283,0.510
2002-03-30,0.272,0.515
2002-03-31,0.257,0.515
2002-04-01,0.245,0.569
2002-04-02,0.270,0.646
2002-04-03,0.247,0.697
2002-04-04,0.205,0.719
2002-04-05,0.180,0.765
2002-04-06,0.152,0.799
2002-04-07,0.136,0.824
2002-04-08,0.128,0.824
2002-04-09,0.148,0.657
2002-04-10,0.153,0.544
2002-04-11,0.483,0.558
2002-04-12,0.579,0.677
2002-04-13,0.408,0.711
2002-04-14,0.319,0.725
2002-04-15,0.357,0.722
2002-04-16,0.399,0.728
2002-04-17,0.599,0.745
2002-04-18,0.763,0.733
2002-04-19,0.561,0.716
2002-04-20,0.401,0.714
2002-04-21,0.322,0.719
2002-04-22,0.294,0.714
2002-04-23,0.291,0.688
2002-04-24,0.243,0.665
2002-04-25,0.207,0.677
2002-04-26,0.187,0.685
2002-04-27,0.178,0.674
2002-04-28,0.174,0.637
2002-04-29,0.174,0.623
2002-04-30,0.145,0.637
2002-05-01,0.178,0.640
2002-05-02,0.157,0.685
2002-05-03,0.136,0.691
2002-05-04,0.130,0.694
2002-05-05,0.127,0.674
2002-05-06,0.112,0.657
2002-05-07,0.093,0.648
2002-05-08,0.107,0.651
2002-05-09,0.085,0.680
2002-05-10,0.072,0.680
2002-05-11,0.067,0.680
2002-05-12,0.074,0.708
2002-05-13,0.096,0.708
2002-05-14,0.106,0.680
2002-05-15,0.089,0.651
2002-05-16,0.062,0.651
2002-05-17,0.077,0.651
2002-05-18,0.075,0.651
2002-05-19,0.063,0.651
2002-05-20,0.078,0.651
2002-05-21,0.086,0.651
2002-05-22,0.070,0.660
2002-05-23,0.086,0.643
2002-05-24,0.083,0.668
2002-05-25,0.075,0.705
2002-05-26,0.064,0.699
2002-05-27,0.066,0.697
2002-05-28,0.082,0.677
2002-05-29,0.086,0.668
2002-05-30,0.064,0.663
2002-05-31,0.149,0.640
2002-06-01,0.759,0.620
2002-06-02,0.609,0.626
2002-06-03,0.459,0.623
2002-06-04,0.402,0.626
2002-06-05,0.307,0.623
2002-06-06,0.247,0.648
2002-06-07,0.202,0.646
2002-06-08,0.185,0.637
2002-06-09,0.161,0.626
2002-06-10,0.161,0.609
2002-06-11,0.147,0.620
2002-06-12,0.148,0.680
2002-06-13,0.127,0.651
2002-06-14,0.134,0.578
2002-06-15,0.153,0.569
2002-06-16,0.180,0.552
2002-06-17,0.149,0.535
2002-06-18,0.149,0.538
2002-06-19,0.136,0.561
2002-06-20,0.101,0.555
2002-06-21,0.105,0.558
2002-06-22,0.104,0.578
2002-06-23,0.136,0.566
2002-06-24,0.160,0.558
2002-06-25,0.286,0.558
2002-06-26,0.453,0.589
2002-06-27,0.330,0.586
2002-06-28,0.230,0.572
2002-06-29,0.177,0.583
2002-06-30,0.140,0.586
2002-07-01,0.120,0.558
2002-07-02,0.116,0.561
2002-07-03,0.109,0.555
2002-07-04,0.093,0.580
2002-07-05,0.098,0.566
2002-07-06,0.096,0.575
2002-07-07,0.099,0.569
2002-07-08,0.108,0.617
2002-07-09,0.114,0.705
2002-07-10,0.113,0.688
2002-07-11,0.083,0.654
2002-07-12,0.085,0.714
2002-07-13,0.092,0.702
2002-07-14,0.089,0.637
2002-07-15,0.100,0.674
2002-07-16,0.104,0.767
2002-07-17,0.092,0.983
2002-07-18,0.102,1.000
2002-07-19,0.521,0.881
2002-07-20,2.490,0.883
2002-07-21,1.493,1.099
2002-07-22,0.874,1.699
2002-07-23,0.638,1.274
2002-07-24,0.520,0.850
2002-07-25,0.428,0.708
2002-07-26,0.368,0.481
2002-07-27,0.357,1.931
2002-07-28,0.324,3.030
2002-07-29,0.318,2.568
2002-07-30,0.298,1.138
2002-07-31,0.271,0.787
2002-08-01,0.279,0.538
2002-08-02,0.279,1.580
2002-08-03,0.262,1.113
2002-08-04,0.277,3.341
2002-08-05,0.394,1.889
2002-08-06,0.514,1.130
2002-08-07,0.369,0.957
2002-08-08,0.383,0.810
2002-08-09,0.363,0.663
2002-08-10,0.340,0.711
2002-08-11,0.327,1.181
2002-08-12,0.327,1.073
2002-08-13,0.322,0.796
2002-08-14,0.294,0.544
2002-08-15,0.647,0.459
2002-08-16,1.771,0.433
2002-08-17,1.187,0.436
2002-08-18,0.938,0.459
2002-08-19,0.882,0.498
2002-08-20,0.880,0.555
2002-08-21,0.624,0.753
2002-08-22,0.537,0.657
2002-08-23,0.475,0.586
2002-08-24,0.441,0.544
2002-08-25,0.410,0.515
2002-08-26,0.396,0.490
2002-08-27,0.399,0.479
2002-08-28,0.445,0.496
2002-08-29,0.656,0.566
2002-08-30,0.945,0.640
2002-08-31,0.743,0.623
2002-09-01,0.537,0.561
2002-09-02,0.474,0.586
2002-09-03,0.431,0.626
2002-09-04,0.399,0.648
2002-09-05,0.961,0.498
2002-09-06,0.747,0.456
2002-09-07,2.168,0.481
2002-09-08,1.725,0.580
2002-09-09,1.103,0.875
2002-09-10,0.766,0.733
2002-09-11,0.624,7.362
2002-09-12,0.533,3.143
2002-09-13,0.467,1.855
2002-09-14,0.423,1.286
2002-09-15,0.415,0.997
2002-09-16,0.399,0.739
2002-09-17,0.370,0.606
2002-09-18,0.340,0.648
2002-09-19,0.328,0.490
2002-09-20,0.316,0.462
2002-09-21,0.289,0.564
2002-09-22,0.289,0.606
2002-09-23,0.288,0.493
2002-09-24,0.281,0.456
2002-09-25,0.256,0.447
2002-09-26,0.248,0.445
2002-09-27,0.192,0.442
2002-09-28,0.094,0.442
2002-09-29,0.061,0.442
2002-09-30,0.061,0.453
2002-10-01,0.095,0.470
2002-10-02,0.085,0.544
2002-10-03,0.057,0.513
2002-10-04,0.040,0.484
2002-10-05,0.033,0.493
2002-10-06,0.037,0.490
2002-10-07,0.160,0.932
2002-10-08,1.332,1.206
2002-10-09,1.195,0.898
2002-10-10,0.546,0.671
2002-10-11,0.389,0.578
2002-10-12,0.302,0.549
2002-10-13,0.256,0.532
2002-10-14,0.235,0.535
2002-10-15,0.225,0.535
2002-10-16,0.191,0.524
2002-10-17,0.194,0.527
2002-10-18,0.186,0.626
2002-10-19,0.163,0.943
2002-10-20,0.189,0.852
2002-10-21,0.202,0.631
2002-10-22,0.203,0.612
2002-10-23,0.166,0.592
2002-10-24,0.133,0.583
2002-10-25,0.115,0.691
2002-10-26,0.117,0.776
2002-10-27,0.109,0.640
2002-10-28,0.166,0.660
2002-10-29,0.207,0.631
2002-10-30,0.262,0.612
2002-10-31,0.346,0.623
2002-11-01,0.282,0.665
2002-11-02,0.242,0.558
2002-11-03,0.243,0.544
2002-11-04,0.188,0.549
2002-11-05,0.093,0.532
2002-11-06,0.069,0.524
2002-11-07,0.067,0.521
2002-11-08,0.071,0.566
2002-11-09,0.092,0.597
2002-11-10,0.080,0.595
2002-11-11,0.062,0.592
2002-11-12,0.039,0.532
2002-11-13,0.020,0.558
2002-11-14,0.021,0.575
2002-11-15,0.048,0.575
2002-11-16,0.043,0.572
2002-11-17,0.045,0.552
2002-11-18,0.038,0.490
2002-11-19,0.020,0.513
2002-11-20,0.011,0.510
2002-11-21,0.007,0.498
2002-11-22,0.004,0.487
2002-11-23,0.002,0.496
2002-11-24,0.000,0.498
2002-11-25,0.003,0.501
2002-11-26,0.046,0.515
2002-11-27,0.042,0.527
2002-11-28,0.032,0.527
2002-11-29,0.020,0.513
2002-11-30,0.031,0.549
2002-12-01,0.042,0.558
2002-12-02,0.047,0.572
2002-12-03,0.070,0.663
2002-12-04,0.052,0.603
2002-12-05,0.056,0.515
2002-12-06,0.086,0.467
2002-12-07,0.416,0.467
2002-12-08,1.021,0.490
2002-12-09,0.438,0.504
2002-12-10,0.192,0.513
2002-12-11,0.100,0.524
2002-12-12,0.064,0.524
2002-12-13,0.039,0.527
2002-12-14,0.021,0.527
2002-12-15,0.011,0.527
2002-12-16,0.013,0.530
2002-12-17,0.463,0.580
2002-12-18,1.124,0.671
2002-12-19,0.591,0.654
2002-12-20,2.953,0.626
2002-12-21,0.817,0.671
2002-12-22,0.666,0.555
2002-12-23,1.630,0.702
2002-12-24,1.062,0.765
2002-12-25,0.419,0.728
2002-12-26,0.243,0.660
2002-12-27,5.843,0.578
2002-12-28,14.058,0.552
2002-12-29,26.518,0.572
2002-12-30,6.271,0.637
2002-12-31,2.446,0.640
2003-01-01,1.438,0.612
2003-01-02,0.955,0.600
2003-01-03,0.650,0.580
2003-01-04,0.913,0.569
2003-01-05,0.557,0.580
2003-01-06,0.435,0.572
2003-01-07,0.364,0.617
2003-01-08,0.289,0.765
2003-01-09,0.260,0.790
2003-01-10,0.364,0.736
2003-01-11,0.775,0.728
2003-01-12,0.694,0.708
2003-01-13,0.439,0.691
2003-01-14,0.271,0.685
2003-01-15,0.199,0.688
2003-01-16,0.153,0.677
2003-01-17,0.591,0.671
2003-01-18,0.849,0.654
2003-01-19,1.807,0.646
2003-01-20,0.461,0.648
2003-01-21,3.666,0.716
2003-01-22,1.122,0.728
2003-01-23,0.681,0.714
2003-01-24,0.537,0.725
2003-01-25,0.717,0.714
2003-01-26,0.514,0.699
2003-01-27,0.338,0.699
2003-01-28,0.216,0.705
2003-01-29,0.161,0.716
2003-01-30,0.117,0.702
2003-01-31,0.094,0.694
2003-02-01,0.057,0.702
2003-02-02,0.026,0.702
2003-02-03,0.027,0.688
2003-02-04,0.046,0.663
2003-02-05,0.020,0.668
2003-02-06,0.156,0.660
2003-02-07,0.113,0.651
2003-02-08,0.077,0.759
2003-02-09,0.077,0.818
2003-02-10,0.042,0.742
2003-02-11,0.021,0.702
2003-02-12,0.025,0.694
2003-02-13,0.056,0.875
2003-02-14,0.028,1.164
2003-02-15,0.074,1.481
2003-02-16,8.588,1.237
2003-02-17,3.286,1.116
2003-02-18,1.170,0.934
2003-02-19,0.680,0.770
2003-02-20,1.951,0.614
2003-02-21,3.938,0.547
2003-02-22,0.994,0.476
2003-02-23,0.569,0.453
2003-02-24,0.402,0.442
2003-02-25,1.087,0.439
2003-02-26,0.570,0.668
2003-02-27,0.339,1.260
2003-02-28,0.260,1.710
2003-03-01,0.177,2.175
2003-03-02,0.200,2.152
2003-03-03,0.206,2.192
2003-03-04,0.143,2.350
2003-03-05,0.116,4.106
2003-03-06,0.097,5.154
2003-03-07,0.131,4.757
2003-03-08,0.137,4.786
2003-03-09,0.109,4.870
2003-03-10,0.082,4.814
2003-03-11,0.058,4.729
2003-03-12,0.032,4.729
2003-03-13,0.008,4.417
2003-03-14,0.012,3.993
2003-03-15,0.008,3.653
2003-03-16,0.014,3.370
2003-03-17,0.012,6.994
2003-03-18,0.011,8.835
2003-03-19,0.011,6.428
2003-03-20,0.597,6.173
2003-03-21,1.100,5.069
2003-03-22,0.549,4.502
2003-03-23,0.300,4.276
2003-03-24,0.207,4.304
2003-03-25,0.124,4.049
2003-03-26,0.090,3.511
2003-03-27,0.069,3.058
2003-03-28,0.051,2.767
2003-03-29,0.031,2.554
2003-03-30,0.015,2.350
2003-03-31,0.010,2.192
2003-04-01,0.008,2.025
2003-04-02,0.008,1.880
2003-04-03,0.014,1.767
2003-04-04,0.015,1.685
2003-04-05,0.010,1.586
2003-04-06,0.008,1.461
2003-04-07,0.007,1.410
2003-04-08,0.006,1.280
2003-04-09,0.008,1.195
2003-04-10,0.007,1.178
2003-04-11,0.032,1.178
2003-04-12,0.136,1.175
2003-04-13,0.093,1.169
2003-04-14,0.054,1.167
2003-04-15,0.066,1.172
2003-04-16,0.029,1.172
2003-04-17,0.010,1.158
2003-04-18,0.016,1.147
2003-04-19,0.024,1.138
2003-04-20,0.019,1.130
2003-04-21,0.015,1.093
2003-04-22,0.012,1.068
2003-04-23,0.024,1.045
2003-04-24,0.044,1.031
2003-04-25,0.032,1.014
2003-04-26,0.015,0.988
2003-04-27,0.012,0.966
2003-04-28,0.009,0.940
2003-04-29,0.015,0.917
2003-04-30,0.026,0.923
2003-05-01,0.023,0.813
2003-05-02,0.025,0.830
2003-05-03,0.016,0.855
2003-05-04,0.030,0.864
2003-05-05,0.030,0.900
2003-05-06,0.014,0.892
2003-05-07,0.011,0.895
2003-05-08,0.010,0.909
2003-05-09,0.014,0.900
2003-05-10,0.016,0.889
2003-05-11,0.017,0.934
2003-05-12,0.188,0.889
2003-05-13,0.649,0.886
2003-05-14,0.266,0.866
2003-05-15,0.152,0.847
2003-05-16,0.082,0.841
2003-05-17,0.073,0.833
2003-05-18,0.061,0.838
2003-05-19,0.052,0.833
2003-05-20,0.058,0.838
2003-05-21,0.055,0.855
2003-05-22,0.053,0.864
2003-05-23,0.046,0.852
2003-05-24,0.038,0.810
2003-05-25,0.030,0.804
2003-05-26,0.026,0.796
2003-05-27,0.029,0.824
2003-05-28,0.022,0.864
2003-05-29,0.016,0.702
2003-05-30,0.013,0.606
2003-05-31,0.014,0.779
2003-06-01,0.021,0.736
2003-06-02,0.024,0.651
2003-06-03,0.021,0.595
2003-06-04,0.016,0.595
2003-06-05,0.025,0.566
2003-06-06,0.048,0.538
2003-06-07,0.064,0.589
2003-06-08,0.063,0.648
2003-06-09,0.060,0.654
2003-06-10,0.066,0.685
2003-06-11,0.063,0.646
2003-06-12,0.052,0.626
2003-06-13,0.052,0.629
2003-06-14,0.048,0.623
2003-06-15,0.048,0.617
2003-06-16,0.049,0.592
2003-06-17,0.050,0.651
2003-06-18,0.039,0.680
2003-06-19,0.032,0.674
2003-06-20,0.027,0.617
2003-06-21,0.022,0.595
2003-06-22,0.016,0.620
2003-06-23,0.014,0.620
2003-06-24,0.010,0.609
2003-06-25,0.008,0.612
2003-06-26,0.007,0.606
2003-06-27,0.008,0.651
2003-06-28,0.009,0.742
2003-06-29,0.016,0.671
2003-06-30,0.032,0.612
2003-07-01,0.037,0.589
2003-07-02,0.039,0.541
2003-07-03,0.046,0.496
2003-07-04,0.038,0.498
2003-07-05,0.027,0.530
2003-07-06,0.032,0.535
2003-07-07,0.030,0.513
2003-07-08,0.024,0.527
2003-07-09,0.029,0.552
2003-07-10,0.021,0.535
2003-07-11,0.016,0.541
2003-07-12,0.013,0.688
2003-07-13,0.011,0.830
2003-07-14,0.019,0.838
2003-07-15,0.020,0.685
2003-07-16,0.042,0.470
2003-07-17,0.054,0.391
2003-07-18,0.050,0.515
2003-07-19,0.036,0.566
2003-07-20,0.026,0.595
2003-07-21,0.023,0.680
2003-07-22,0.019,0.748
2003-07-23,0.016,0.626
2003-07-24,0.012,0.507
2003-07-25,0.007,0.575
2003-07-26,0.008,0.547
2003-07-27,0.010,0.646
2003-07-28,0.011,0.603
2003-07-29,0.011,0.564
2003-07-30,0.018,0.535
2003-07-31,0.019,0.631
2003-08-01,0.017,0.631
2003-08-02,0.010,0.620
2003-08-03,0.010,0.569
2003-08-04,0.009,0.487
2003-08-05,0.008,0.479
2003-08-06,0.010,0.535
2003-08-07,0.012,0.603
2003-08-08,0.018,0.476
2003-08-09,0.018,0.476
2003-08-10,0.045,0.493
2003-08-11,0.041,0.547
2003-08-12,0.027,0.541
2003-08-13,0.021,0.552
2003-08-14,0.036,0.680
2003-08-15,0.037,0.731
2003-08-16,0.032,0.677
2003-08-17,0.032,0.600
2003-08-18,0.036,0.830
2003-08-19,0.027,0.767
2003-08-20,0.016,0.677
2003-08-21,0.016,0.714
2003-08-22,0.015,0.606
2003-08-23,0.012,0.547
2003-08-24,0.007,0.535
2003-08-25,0.001,0.575
2003-08-26,0.000,0.580
2003-08-27,0.003,0.629
2003-08-28,0.007,0.663
2003-08-29,0.006,0.750
2003-08-30,0.008,0.895
2003-08-31,0.006,0.847
2003-09-01,0.004,0.776
2003-09-02,0.002,0.714
2003-09-03,0.001,0.643
2003-09-04,0.001,0.609
2003-09-05,0.000,0.612
2003-09-06,0.000,0.688
2003-09-07,0.000,0.702
2003-09-08,0.000,0.708
2003-09-09,0.010,0.742
2003-09-10,0.053,0.934
2003-09-11,0.046,0.954
2003-09-12,0.032,0.702
2003-09-13,0.017,0.513
2003-09-14,0.023,0.541
2003-09-15,0.058,0.524
2003-09-16,0.061,0.521
2003-09-17,0.072,0.532
2003-09-18,0.062,0.524
2003-09-19,0.050,0.447
2003-09-20,0.046,0.425
2003-09-21,0.034,0.405
2003-09-22,0.031,0.394
2003-09-23,0.031,0.411
2003-09-24,0.026,0.447
2003-09-25,0.060,0.510
2003-09-26,0.058,0.515
2003-09-27,0.045,0.481
2003-09-28,0.030,0.476
2003-09-29,0.026,0.436
2003-09-30,0.035,0.428
2003-10-01,0.041,0.425
2003-10-02,0.036,0.425
2003-10-03,0.028,0.453
2003-10-04,0.022,0.538
2003-10-05,0.014,0.510
2003-10-06,0.022,0.481
2003-10-07,0.021,0.510
2003-10-08,0.015,0.793
2003-10-09,0.032,0.793
2003-10-10,0.049,0.651
2003-10-11,0.042,0.538
2003-10-12,0.043,0.510
2003-10-13,0.039,0.595
2003-10-14,0.042,0.566
2003-10-15,0.102,0.538
2003-10-16,0.083,0.510
2003-10-17,0.060,0.481
2003-10-18,0.040,0.481
2003-10-19,0.033,0.481
2003-10-20,0.038,0.481
2003-10-21,0.048,0.481
2003-10-22,0.064,0.481
2003-10-23,0.092,0.481
2003-10-24,0.085,0.481
2003-10-25,0.062,0.481
2003-10-26,0.044,0.481
2003-10-27,0.052,0.538
2003-10-28,0.058,0.566
2003-10-29,0.044,0.566
2003-10-30,0.031,0.566
2003-10-31,0.012,0.566
2003-11-01,0.006,0.566
2003-11-02,0.006,0.566
2003-11-03,0.055,0.566
2003-11-04,0.526,0.623
2003-11-05,0.542,0.651
2003-11-06,0.267,0.595
2003-11-07,0.202,0.566
2003-11-08,0.166,0.566
2003-11-09,0.136,0.566
2003-11-10,0.102,0.566
2003-11-11,0.085,0.566
2003-11-12,0.192,0.680
2003-11-13,0.620,1.388
2003-11-14,0.360,1.076
2003-11-15,0.253,0.793
2003-11-16,0.198,0.595
2003-11-17,0.184,0.510
2003-11-18,0.114,0.481
2003-11-19,0.109,0.453
2003-11-20,0.109,0.425
2003-11-21,0.093,0.453
2003-11-22,0.131,0.425
2003-11-23,1.385,0.396
2003-11-24,0.878,0.396
2003-11-25,2.238,0.396
2003-11-26,3.717,0.396
2003-11-27,1.182,0.396
2003-11-28,0.437,0.396
2003-11-29,0.241,0.396
2003-11-30,0.219,0.425
2003-12-01,0.164,0.425
2003-12-02,0.153,0.425
2003-12-03,0.095,0.425
2003-12-04,0.089,0.425
2003-12-05,0.095,0.425
2003-12-06,0.078,0.425
2003-12-07,0.082,0.425
2003-12-08,0.049,0.453
2003-12-09,0.025,0.481
2003-12-10,0.020,0.481
2003-12-11,0.010,0.481
2003-12-12,0.002,0.481
2003-12-13,0.003,0.481
2003-12-14,0.000,0.481
2003-12-15,0.000,0.481
2003-12-16,0.000,0.481
2003-12-17,0.000,0.481
2003-12-18,0.000,0.453
2003-12-19,0.000,0.425
2003-12-20,0.000,0.425
2003-12-21,0.119,0.453
2003-12-22,0.302,0.453
2003-12-23,0.469,0.481
2003-12-24,2.715,0.481
2003-12-25,0.804,0.481
2003-12-26,0.326,0.510
2003-12-27,0.206,0.510
2003-12-28,0.135,0.510
2003-12-29,0.132,0.481
2003-12-30,0.143,0.453
2003-12-31,0.095,0.453
2004-01-01,0.115,0.510
2004-01-02,0.126,0.510
2004-01-03,0.207,0.510
2004-01-04,0.107,0.510
2004-01-05,0.146,0.510
2004-01-06,0.128,0.481
2004-01-07,0.070,0.481
2004-01-08,0.136,0.481
2004-01-09,0.393,0.481
2004-01-10,0.292,0.481
2004-01-11,15.067,0.453
2004-01-12,2.303,0.481
2004-01-13,0.808,0.453
2004-01-14,0.496,0.481
2004-01-15,0.330,0.538
2004-01-16,0.226,0.538
2004-01-17,0.180,0.510
2004-01-18,0.130,0.481
2004-01-19,0.103,0.481
2004-01-20,0.155,0.453
2004-01-21,0.292,0.453
2004-01-22,0.889,0.453
2004-01-23,0.681,0.453
2004-01-24,0.692,0.453
2004-01-25,0.923,0.481
2004-01-26,0.481,0.510
2004-01-27,0.559,0.510
2004-01-28,0.514,0.481
2004-01-29,0.238,0.453
2004-01-30,0.190,0.425
2004-01-31,0.140,0.425
2004-02-01,0.103,0.425
2004-02-02,0.087,0.396
2004-02-03,0.087,0.396
2004-02-04,0.051,0.425
2004-02-05,0.039,0.453
2004-02-06,0.022,0.425
2004-02-07,0.027,0.425
2004-02-08,0.082,0.396
2004-02-09,0.126,0.396
2004-02-10,0.119,0.396
2004-02-11,0.079,0.396
2004-02-12,1.101,0.396
2004-02-13,1.231,0.396
2004-02-14,1.144,0.396
2004-02-15,0.551,0.368
2004-02-16,0.280,0.368
2004-02-17,0.287,0.368
2004-02-18,0.257,0.368
2004-02-19,0.157,0.396
2004-02-20,0.240,0.396
2004-02-21,0.186,0.396
2004-02-22,0.350,0.396
2004-02-23,3.407,0.425
2004-02-24,0.501,0.453
2004-02-25,0.408,0.453
2004-02-26,0.345,0.425
2004-02-27,1.879,0.425
2004-02-28,0.894,0.481
2004-02-29,0.947,0.481
2004-03-01,2.521,0.481
2004-03-02,0.962,0.481
2004-03-03,0.761,0.453
2004-03-04,1.360,0.595
2004-03-05,0.930,0.991
2004-03-06,3.912,1.529
2004-03-07,3.464,1.784
2004-03-08,2.188,1.812
2004-03-09,1.503,1.586
2004-03-10,0.955,1.331
2004-03-11,0.667,1.218
2004-03-12,0.874,1.189
2004-03-13,2.654,1.218
2004-03-14,2.481,1.189
2004-03-15,2.129,1.189
2004-03-16,1.581,1.161
2004-03-17,1.147,1.133
2004-03-18,0.815,1.076
2004-03-19,0.641,1.019
2004-03-20,0.565,0.991
2004-03-21,0.506,0.934
2004-03-22,0.456,0.906
2004-03-23,0.405,0.878
2004-03-24,0.894,0.850
2004-03-25,0.679,0.793
2004-03-26,0.411,0.736
2004-03-27,0.375,0.708
2004-03-28,0.371,0.680
2004-03-29,0.308,0.623
2004-03-30,0.246,0.595
2004-03-31,0.428,0.595
2004-04-01,2.407,0.623
2004-04-02,0.788,0.963
2004-04-03,0.420,1.331
2004-04-04,0.328,1.529
2004-04-05,0.251,1.416
2004-04-06,0.226,1.303
2004-04-07,0.200,1.189
2004-04-08,0.243,1.161
2004-04-09,0.269,1.161
2004-04-10,0.190,1.161
2004-04-11,0.143,1.189
2004-04-12,0.106,1.359
2004-04-13,0.096,1.303
2004-04-14,0.115,1.246
2004-04-15,0.067,1.189
2004-04-16,0.059,1.161
2004-04-17,0.023,1.133
2004-04-18,0.039,1.104
2004-04-19,0.048,1.019
2004-04-20,0.044,0.991
2004-04-21,0.139,0.963
2004-04-22,0.159,0.934
2004-04-23,0.145,0.906
2004-04-24,0.166,0.850
2004-04-25,0.156,0.821
2004-04-26,0.161,0.736
2004-04-27,0.137,0.680
2004-04-28,0.135,0.651
2004-04-29,0.142,0.651
2004-04-30,0.105,0.680
2004-05-01,0.081,0.793
2004-05-02,0.083,0.878
2004-05-03,0.117,0.878
2004-05-04,0.114,0.878
2004-05-05,0.092,0.821
2004-05-06,0.076,0.736
2004-05-07,0.073,0.708
2004-05-08,0.045,0.708
2004-05-09,0.052,0.708
2004-05-10,0.051,0.708
2004-05-11,0.028,0.680
2004-05-12,0.048,0.651
2004-05-13,0.038,0.651
2004-05-14,0.060,0.651
2004-05-15,0.043,0.595
2004-05-16,0.024,0.595
2004-05-17,0.055,0.566
2004-05-18,0.063,0.566
2004-05-19,0.064,0.538
2004-05-20,0.081,0.538
2004-05-21,0.067,0.538
2004-05-22,0.092,0.538
2004-05-23,0.082,0.538
2004-05-24,0.090,0.538
2004-05-25,0.086,0.538
2004-05-26,0.113,0.566
2004-05-27,0.064,0.566
2004-05-28,0.027,0.538
2004-05-29,0.032,0.538
2004-05-30,0.039,0.538
2004-05-31,0.039,0.510
2004-06-01,0.032,0.510
2004-06-02,0.050,0.510
2004-06-03,0.030,0.510
2004-06-04,0.038,0.538
2004-06-05,0.035,0.623
2004-06-06,0.061,0.566
2004-06-07,0.071,0.595
2004-06-08,0.063,0.595
2004-06-09,0.067,0.708
2004-06-10,0.062,0.765
2004-06-11,0.040,0.765
2004-06-12,0.053,0.765
2004-06-13,0.061,0.765
2004-06-14,0.070,0.623
2004-06-15,0.083,0.651
2004-06-16,0.068,0.623
2004-06-17,0.074,0.566
2004-06-18,0.061,0.481
2004-06-19,0.062,0.481
2004-06-20,0.068,0.510
2004-06-21,0.103,0.510
2004-06-22,0.085,0.538
2004-06-23,0.090,0.595
2004-06-24,0.084,0.623
2004-06-25,0.068,0.680
2004-06-26,0.065,0.651
2004-06-27,0.067,0.651
2004-06-28,0.079,0.765
2004-06-29,0.084,0.850
2004-06-30,0.079,0.708
2004-07-01,0.070,0.538
2004-07-02,0.073,0.481
2004-07-03,0.076,0.481
2004-07-04,0.090,0.453
2004-07-05,0.078,0.453
2004-07-06,0.059,0.453
2004-07-07,0.048,0.425
2004-07-08,0.052,0.481
2004-07-09,0.039,0.566
2004-07-10,0.033,0.651
2004-07-11,0.030,0.595
2004-07-12,0.033,0.651
2004-07-13,0.015,0.793
2004-07-14,0.011,0.765
2004-07-15,0.010,0.623
2004-07-16,0.005,0.623
2004-07-17,0.003,0.538
2004-07-18,0.005,0.510
2004-07-19,0.016,0.481
2004-07-20,0.008,0.481
2004-07-21,0.011,0.481
2004-07-22,0.007,0.623
2004-07-23,0.011,0.906
2004-07-24,0.008,1.019
2004-07-25,0.020,0.850
2004-07-26,0.013,0.793
2004-07-27,0.014,0.765
2004-07-28,0.061,0.680
2004-07-29,0.097,0.651
2004-07-30,0.095,0.566
2004-07-31,0.066,0.481
2004-08-01,0.051,0.453
2004-08-02,0.049,0.311
2004-08-03,0.054,0.249
2004-08-04,0.054,0.311
2004-08-05,0.055,0.453
2004-08-06,0.057,0.481
2004-08-07,0.046,0.481
2004-08-08,0.032,0.538
2004-08-09,0.028,0.510
2004-08-10,0.022,0.538
2004-08-11,0.041,0.538
2004-08-12,0.044,0.510
2004-08-13,0.055,0.906
2004-08-14,0.048,1.133
2004-08-15,0.045,1.161
2004-08-16,0.066,1.393
2004-08-17,0.073,2.101
2004-08-18,0.075,2.002
2004-08-19,0.086,2.033
2004-08-20,0.091,1.419
2004-08-21,0.073,1.085
2004-08-22,0.082,0.878
2004-08-23,0.086,0.685
2004-08-24,0.081,0.595
2004-08-25,0.080,0.578
2004-08-26,0.081,0.541
2004-08-27,0.079,0.487
2004-08-28,0.089,0.524
2004-08-29,0.090,0.518
2004-08-30,0.139,0.507
2004-08-31,0.136,0.504
2004-09-01,0.127,0.549
2004-09-02,0.127,0.603
2004-09-03,0.113,0.527
2004-09-04,0.117,0.566
2004-09-05,0.127,0.648
2004-09-06,0.137,0.597
2004-09-07,0.249,0.541
2004-09-08,0.354,0.521
2004-09-09,0.241,0.513
2004-09-10,0.160,0.532
2004-09-11,0.121,0.569
2004-09-12,0.084,0.510
2004-09-13,0.088,0.507
2004-09-14,0.073,0.513
2004-09-15,0.049,0.507
2004-09-16,0.028,0.507
2004-09-17,0.031,0.498
2004-09-18,0.013,0.566
2004-09-19,0.002,0.793
2004-09-20,0.003,0.804
2004-09-21,0.008,0.682
2004-09-22,0.006,0.476
2004-09-23,0.004,0.422
2004-09-24,0.003,0.527
2004-09-25,0.007,0.762
2004-09-26,0.002,1.005
2004-09-27,0.001,0.878
2004-09-28,0.001,0.765
2004-09-29,0.054,0.597
2004-09-30,0.095,0.544
2004-10-01,0.089,0.524
2004-10-02,0.099,0.504
2004-10-03,0.108,0.498
2004-10-04,0.113,0.481
2004-10-05,0.112,0.473
2004-10-06,0.097,0.473
2004-10-07,0.072,0.473
2004-10-08,0.059,0.467
2004-10-09,0.072,0.462
2004-10-10,0.074,0.467
2004-10-11,0.055,0.501
2004-10-12,0.042,0.510
2004-10-13,0.027,0.501
2004-10-14,0.029,0.493
2004-10-15,0.037,0.498
2004-10-16,0.037,0.493
2004-10-17,0.033,0.493
2004-10-18,0.033,0.501
2004-10-19,0.032,0.507
2004-10-20,0.037,0.504
2004-10-21,0.045,0.515
2004-10-22,0.227,0.566
2004-10-23,0.117,0.566
2004-10-24,0.074,0.555
2004-10-25,0.063,0.552
2004-10-26,0.029,0.589
2004-10-27,0.033,0.671
2004-10-28,0.048,0.592
2004-10-29,0.037,0.555
2004-10-30,0.020,0.544
2004-10-31,0.043,0.544
2004-11-01,0.049,0.544
2004-11-02,0.040,0.549
2004-11-03,0.028,0.549
2004-11-04,0.025,0.544
2004-11-05,0.019,0.544
2004-11-06,0.026,0.544
2004-11-07,0.019,0.572
2004-11-08,0.057,0.694
2004-11-09,0.133,0.657
2004-11-10,0.118,0.589
2004-11-11,0.070,0.518
2004-11-12,0.051,0.481
2004-11-13,0.042,0.490
2004-11-14,0.033,0.470
2004-11-15,2.348,0.456
2004-11-16,0.575,0.490
2004-11-17,0.289,0.493
2004-11-18,0.171,0.476
2004-11-19,0.108,0.453
2004-11-20,0.734,0.445
2004-11-21,6.791,0.450
2004-11-22,1.515,0.631
2004-11-23,2.868,0.951
2004-11-24,4.703,0.889
2004-11-25,2.244,0.796
2004-11-26,0.762,0.671
2004-11-27,0.741,0.595
2004-11-28,0.543,0.566
2004-11-29,0.409,0.549
2004-11-30,0.402,0.541
2004-12-01,3.095,0.524
2004-12-02,1.835,0.504
2004-12-03,0.704,0.493
2004-12-04,0.551,0.507
2004-12-05,0.376,0.600
2004-12-06,1.900,0.753
2004-12-07,0.800,0.818
2004-12-08,0.420,0.719
2004-12-09,0.345,0.643
2004-12-10,0.282,0.606
2004-12-11,0.194,0.569
2004-12-12,0.169,0.566
2004-12-13,0.138,0.547
2004-12-14,0.102,0.544
2004-12-15,2.048,0.544
2004-12-16,0.946,0.532
2004-12-17,0.533,0.521
2004-12-18,8.045,0.524
2004-12-19,20.276,0.524
2004-12-20,3.625,0.530
2004-12-21,1.726,0.535
2004-12-22,1.061,0.535
2004-12-23,9.072,0.535
2004-12-24,51.575,0.527
2004-12-25,30.428,0.501
2004-12-26,8.627,0.484
2004-12-27,4.301,0.484
2004-12-28,5.853,0.501
2004-12-29,13.320,0.535
2004-12-30,3.758,0.680
2004-12-31,2.314,1.436
2005-01-01,8.598,1.263
2005-01-02,5.642,1.042
2005-01-03,14.052,1.152
2005-01-04,6.277,16.509
2005-01-05,2.921,8.693
2005-01-06,8.947,4.587
2005-01-07,4.147,3.228
2005-01-08,4.880,2.667
2005-01-09,14.847,2.396
2005-01-10,8.837,2.189
2005-01-11,5.121,2.016
2005-01-12,3.278,2.010
2005-01-13,5.713,2.027
2005-01-14,10.898,1.849
2005-01-15,6.593,1.662
2005-01-16,9.245,1.351
2005-01-17,8.390,1.192
2005-01-18,11.911,1.167
2005-01-19,12.779,1.102
2005-01-20,13.259,1.000
2005-01-21,14.769,0.951
2005-01-22,20.365,0.929
2005-01-23,10.817,0.886
2005-01-24,18.257,0.872
2005-01-25,16.878,0.861
2005-01-26,10.733,0.886
2005-01-27,10.576,0.988
2005-01-28,11.108,3.087
2005-01-29,9.040,2.860
2005-01-30,16.087,2.495
2005-01-31,28.127,2.268
2005-02-01,19.640,2.121
2005-02-02,10.645,1.965
2005-02-03,7.397,1.829
2005-02-04,5.961,1.722
2005-02-05,5.033,1.654
2005-02-06,4.636,1.540
2005-02-07,4.193,1.413
2005-02-08,3.073,1.376
2005-02-09,28.304,1.430
2005-02-10,14.632,1.407
2005-02-11,11.788,13.451
2005-02-12,40.880,196.519
2005-02-13,13.743,72.774
2005-02-14,7.392,15.433
2005-02-15,16.988,6.683
2005-02-16,8.562,4.927
2005-02-17,5.250,4.191
2005-02-18,4.309,3.993
2005-02-19,5.342,14.328
2005-02-20,4.267,45.873
2005-02-21,22.341,21.153
2005-02-22,26.176,7.872
2005-02-23,10.002,5.833
2005-02-24,6.820,4.927
2005-02-25,5.776,4.474
2005-02-26,8.715,4.587
2005-02-27,73.173,4.446
2005-02-28,35.934,3.766
2005-03-01,21.298,3.228
2005-03-02,15.862,2.917
2005-03-03,10.706,2.750
2005-03-04,19.262,2.628
2005-03-05,17.911,2.523
2005-03-06,12.271,2.475
2005-03-07,8.045,2.475
2005-03-08,6.764,2.407
2005-03-09,6.187,2.311
2005-03-10,5.470,2.229
2005-03-11,13.618,2.155
2005-03-12,13.719,2.087
2005-03-13,8.343,2.044
2005-03-14,6.918,2.016
2005-03-15,6.791,1.945
2005-03-16,10.524,1.869
2005-03-17,52.341,1.821
2005-03-18,17.084,1.784
2005-03-19,9.858,1.750
2005-03-20,7.920,1.747
2005-03-21,8.841,1.773
2005-03-22,55.021,1.756
2005-03-23,27.609,1.699
2005-03-24,18.697,1.665
2005-03-25,14.160,1.617
2005-03-26,11.259,1.591
2005-03-27,23.968,1.529
2005-03-28,14.294,1.470
2005-03-29,16.626,1.424
2005-03-30,12.537,1.379
2005-03-31,7.909,1.164
2005-04-01,6.546,0.980
2005-04-02,7.543,0.951
2005-04-03,8.151,1.017
2005-04-04,6.936,1.090
2005-04-05,5.972,1.068
2005-04-06,5.212,1.000
2005-04-07,4.886,0.991
2005-04-08,4.678,0.991
2005-04-09,4.548,0.971
2005-04-10,4.382,1.014
2005-04-11,4.259,0.991
2005-04-12,4.119,0.963
2005-04-13,3.099,0.932
2005-04-14,2.197,0.923
2005-04-15,2.164,0.903
2005-04-16,2.129,0.900
2005-04-17,2.087,0.929
2005-04-18,1.970,0.881
2005-04-19,1.882,0.869
2005-04-20,1.904,0.866
2005-04-21,1.947,0.835
2005-04-22,1.697,0.821
2005-04-23,1.284,0.810
2005-04-24,1.150,1.042
2005-04-25,1.042,1.155
2005-04-26,0.998,1.127
2005-04-27,1.022,1.014
2005-04-28,1.012,0.994
2005-04-29,0.937,0.994
2005-04-30,0.894,1.048
2005-05-01,0.858,0.940
2005-05-02,0.813,0.878
2005-05-03,0.796,0.869
2005-05-04,0.756,0.827
2005-05-05,0.770,0.796
2005-05-06,0.817,0.767
2005-05-07,0.716,0.765
2005-05-08,0.632,0.759
2005-05-09,0.607,0.748
2005-05-10,0.573,0.753
2005-05-11,0.528,0.711
2005-05-12,0.537,0.705
2005-05-13,0.521,0.742
2005-05-14,0.504,0.705
2005-05-15,0.492,0.691
2005-05-16,0.474,0.680
2005-05-17,0.460,0.660
2005-05-18,0.422,0.651
2005-05-19,0.385,0.643
2005-05-20,0.382,0.609
2005-05-21,0.399,0.583
2005-05-22,0.404,0.558
2005-05-23,0.385,0.547
2005-05-24,0.372,0.532
2005-05-25,0.366,0.524
2005-05-26,0.373,0.518
2005-05-27,0.372,0.521
2005-05-28,0.383,0.578
2005-05-29,0.374,0.883
2005-05-30,0.319,0.841
2005-05-31,0.283,0.722
2005-06-01,0.289,0.663
2005-06-02,0.268,0.620
2005-06-03,0.249,0.609
2005-06-04,0.253,0.586
2005-06-05,0.241,0.578
2005-06-06,0.228,0.572
2005-06-07,0.222,0.558
2005-06-08,0.214,0.547
2005-06-09,0.195,0.544
2005-06-10,0.209,0.538
2005-06-11,0.211,0.541
2005-06-12,0.215,0.541
2005-06-13,0.223,0.538
2005-06-14,0.182,0.521
2005-06-15,0.181,0.504
2005-06-16,0.177,0.484
2005-06-17,0.174,0.464
2005-06-18,0.167,0.459
2005-06-19,0.172,0.479
2005-06-20,0.160,0.487
2005-06-21,0.179,0.464
2005-06-22,0.196,0.453
2005-06-23,0.234,0.481
2005-06-24,0.273,0.547
2005-06-25,0.279,0.617
2005-06-26,0.266,0.564
2005-06-27,0.237,0.535
2005-06-28,0.230,0.527
2005-06-29,0.216,0.518
2005-06-30,0.190,0.481
2005-07-01,0.177,0.462
2005-07-02,0.171,0.456
2005-07-03,0.176,0.422
2005-07-04,0.173,0.405
2005-07-05,0.171,0.385
2005-07-06,0.161,0.385
2005-07-07,0.174,0.459
2005-07-08,0.161,0.479
2005-07-09,0.175,0.476
2005-07-10,0.164,0.467
2005-07-11,0.156,0.459
2005-07-12,0.149,0.447
2005-07-13,0.146,0.453
2005-07-14,0.145,0.487
2005-07-15,0.148,0.507
2005-07-16,0.154,0.496
2005-07-17,0.160,0.510
2005-07-18,0.155,0.566
2005-07-19,0.150,0.668
2005-07-20,0.134,0.637
2005-07-21,0.130,0.606
2005-07-22,0.115,0.589
2005-07-23,0.109,0.714
2005-07-24,0.111,0.835
2005-07-25,0.108,1.079
2005-07-26,0.098,1.028
2005-07-27,0.099,0.994
2005-07-28,0.098,0.926
2005-07-29,0.086,0.821
2005-07-30,0.086,0.665
2005-07-31,0.083,0.705
2005-08-01,0.087,0.671
2005-08-02,0.085,0.580
2005-08-03,0.099,0.589
2005-08-04,0.096,0.821
2005-08-05,0.096,0.869
2005-08-06,0.098,0.833
2005-08-07,0.116,0.773
2005-08-08,0.109,1.076
2005-08-09,0.108,1.039
2005-08-10,0.555,0.906
2005-08-11,2.046,0.784
2005-08-12,1.227,0.685
2005-08-13,0.593,0.782
2005-08-14,0.422,0.736
2005-08-15,0.287,2.186
2005-08-16,0.257,1.603
2005-08-17,0.226,0.946
2005-08-18,0.244,0.736
2005-08-19,0.186,0.654
2005-08-20,0.160,0.612
2005-08-21,0.166,0.677
2005-08-22,0.153,0.654
2005-08-23,0.151,0.716
2005-08-24,0.134,0.779
2005-08-25,0.113,0.663
2005-08-26,0.111,0.600
2005-08-27,0.109,0.530
2005-08-28,0.112,0.484
2005-08-29,0.113,0.462
2005-08-30,0.107,0.453
2005-08-31,0.111,0.436
2005-09-01,0.097,0.442
2005-09-02,0.096,0.524
2005-09-03,0.098,0.646
2005-09-04,0.102,0.776
2005-09-05,0.083,0.997
2005-09-06,0.062,0.756
2005-09-07,0.068,0.677
2005-09-08,0.108,0.810
2005-09-09,0.139,0.711
2005-09-10,0.157,0.654
2005-09-11,0.145,0.966
2005-09-12,0.132,0.728
2005-09-13,0.099,0.575
2005-09-14,0.101,0.484
2005-09-15,0.108,0.436
2005-09-16,0.100,0.413
2005-09-17,0.092,0.473
2005-09-18,0.092,0.476
2005-09-19,0.104,0.479
2005-09-20,0.104,0.487
2005-09-21,0.088,0.464
2005-09-22,0.074,0.450
2005-09-23,0.062,0.467
2005-09-24,0.066,0.510
2005-09-25,0.063,0.496
2005-09-26,0.071,0.490
2005-09-27,0.062,0.487
2005-09-28,0.055,0.484
2005-09-29,0.055,0.493
2005-09-30,0.052,0.496
2005-10-01,0.047,0.510
2005-10-02,0.034,0.515
2005-10-03,0.037,0.513
2005-10-04,0.044,0.530
2005-10-05,0.050,0.510
2005-10-06,0.056,0.459
2005-10-07,0.072,0.462
2005-10-08,0.083,0.493
2005-10-09,0.099,0.544
2005-10-10,0.120,0.552
2005-10-11,0.115,0.527
2005-10-12,0.095,0.453
2005-10-13,0.070,0.430
2005-10-14,0.060,0.422
2005-10-15,0.066,0.439
2005-10-16,0.090,0.459
2005-10-17,0.106,0.456
2005-10-18,0.106,0.462
2005-10-19,0.916,0.481
2005-10-20,0.967,0.473
2005-10-21,0.511,0.459
2005-10-22,0.268,0.450
2005-10-23,0.228,0.442
2005-10-24,0.173,0.439
2005-10-25,0.123,0.453
2005-10-26,0.101,0.462
2005-10-27,0.103,0.462
2005-10-28,0.091,0.464
2005-10-29,0.095,0.470
2005-10-30,0.108,0.464
2005-10-31,0.109,0.459
2005-11-01,0.127,0.456
2005-11-02,0.111,0.464
2005-11-03,0.090,0.544
2005-11-04,0.089,0.513
2005-11-05,2.416,0.498
2005-11-06,7.260,0.493
2005-11-07,15.792,0.493
2005-11-08,3.616,0.493
2005-11-09,1.918,0.504
2005-11-10,1.305,0.496
2005-11-11,1.035,0.501
2005-11-12,3.923,0.510
2005-11-13,4.829,0.521
2005-11-14,15.016,0.524
2005-11-15,4.440,0.527
2005-11-16,2.635,0.532
2005-11-17,1.837,0.564
2005-11-18,1.466,0.566
2005-11-19,1.881,0.564
2005-11-20,1.771,0.564
2005-11-21,1.221,0.566
2005-11-22,1.113,0.572
2005-11-23,1.023,0.547
2005-11-24,0.704,0.541
2005-11-25,0.663,0.532
2005-11-26,2.544,0.535
2005-11-27,4.318,0.524
2005-11-28,1.899,0.535
2005-11-29,1.174,0.535
2005-11-30,0.717,0.530
2005-12-01,0.639,0.527
2005-12-02,0.772,0.535
2005-12-03,0.671,0.530
2005-12-04,0.509,0.530
2005-12-05,0.423,0.524
2005-12-06,0.358,0.518
2005-12-07,0.354,0.504
2005-12-08,0.417,0.496
2005-12-09,0.409,0.496
2005-12-10,0.355,0.501
2005-12-11,0.349,0.515
2005-12-12,0.293,0.524
2005-12-13,0.267,0.541
2005-12-14,0.223,0.547
2005-12-15,0.148,0.541
2005-12-16,0.121,0.535
2005-12-17,0.097,0.541
2005-12-18,0.084,0.547
2005-12-19,0.120,0.535
2005-12-20,0.135,0.541
2005-12-21,0.131,0.535
2005-12-22,0.143,0.527
2005-12-23,0.240,0.527
2005-12-24,0.287,0.515
2005-12-25,0.158,0.507
2005-12-26,0.122,0.493
2005-12-27,0.121,0.479
2005-12-28,0.133,0.473
2005-12-29,0.162,0.464
2005-12-30,0.170,0.464
2005-12-31,0.171,0.464
2006-01-01,0.159,0.464
2006-01-02,1.745,0.462
2006-01-03,2.105,0.462
2006-01-04,5.970,0.453
2006-01-05,6.517,0.453
2006-01-06,2.023,0.487
2006-01-07,1.154,0.580
2006-01-08,1.475,0.631
2006-01-09,45.161,0.651
2006-01-10,22.471,0.646
2006-01-11,17.059,0.612
2006-01-12,12.045,0.603
2006-01-13,9.135,0.609
2006-01-14,10.739,0.606
2006-01-15,6.472,0.620
2006-01-16,4.789,0.617
2006-01-17,3.885,0.626
2006-01-18,3.215,0.620
2006-01-19,3.006,0.617
2006-01-20,3.415,0.623
2006-01-21,2.838,0.629
2006-01-22,2.475,0.629
2006-01-23,2.209,0.626
2006-01-24,13.352,0.643
2006-01-25,8.604,0.702
2006-01-26,7.049,0.733
2006-01-27,47.710,0.714
2006-01-28,28.116,0.680
2006-01-29,13.522,0.674
2006-01-30,10.357,0.674
2006-01-31,49.178,0.682
2006-02-01,48.614,0.674
2006-02-02,19.390,0.671
2006-02-03,14.063,0.665
2006-02-04,22.900,0.654
2006-02-05,14.305,0.668
2006-02-06,10.266,0.668
2006-02-07,8.472,0.648
2006-02-08,7.571,0.646
2006-02-09,11.543,0.657
2006-02-10,36.592,0.651
2006-02-11,20.475,0.614
2006-02-12,13.271,0.597
2006-02-13,10.200,0.592
2006-02-14,17.956,0.586
2006-02-15,14.710,0.589
2006-02-16,14.410,0.597
2006-02-17,11.957,0.640
2006-02-18,9.778,0.663
2006-02-19,8.578,0.648
2006-02-20,7.777,0.631
2006-02-21,7.790,0.629
2006-02-22,16.728,0.629
2006-02-23,11.556,0.629
2006-02-24,9.014,0.640
2006-02-25,8.440,0.629
2006-02-26,29.114,0.620
2006-02-27,31.800,0.614
2006-02-28,29.905,0.614
2006-03-01,17.265,0.626
2006-03-02,19.199,0.646
2006-03-03,92.144,0.634
2006-03-04,31.514,0.626
2006-03-05,17.408,0.612
2006-03-06,13.635,0.609
2006-03-07,11.114,0.612
2006-03-08,9.340,0.620
2006-03-09,8.002,0.623
2006-03-10,7.088,0.631
2006-03-11,7.741,0.736
2006-03-12,6.758,0.818
2006-03-13,6.176,0.680
2006-03-14,6.102,0.600
2006-03-15,5.458,0.552
2006-03-16,5.143,0.513
2006-03-17,53.942,0.549
2006-03-18,37.125,0.612
2006-03-19,19.567,0.640
2006-03-20,15.748,0.663
2006-03-21,82.496,0.663
2006-03-22,57.961,0.651
2006-03-23,32.496,0.660
2006-03-24,22.662,0.654
2006-03-25,17.760,0.657
2006-03-26,14.680,0.657
2006-03-27,13.278,0.660
2006-03-28,16.795,0.682
2006-03-29,14.389,0.708
2006-03-30,11.289,0.685
2006-03-31,9.273,0.668
2006-04-01,8.049,0.663
2006-04-02,7.255,0.663
2006-04-03,6.776,0.648
2006-04-04,6.754,0.629
2006-04-05,6.840,0.663
2006-04-06,6.351,0.699
2006-04-07,5.693,0.674
2006-04-08,5.034,0.660
2006-04-09,4.570,0.654
2006-04-10,4.245,0.663
2006-04-11,3.542,0.674
2006-04-12,3.313,0.660
2006-04-13,2.835,0.651
2006-04-14,2.563,0.648
2006-04-15,2.044,0.646
2006-04-16,1.552,0.643
2006-04-17,1.182,0.634
2006-04-18,7.869,0.629
2006-04-19,8.458,0.620
2006-04-20,5.664,0.603
2006-04-21,4.609,0.600
2006-04-22,4.065,0.606
2006-04-23,4.195,0.586
2006-04-24,12.145,0.583
2006-04-25,6.854,0.586
2006-04-26,4.965,0.580
2006-04-27,4.324,0.569
2006-04-28,3.967,0.583
2006-04-29,3.717,0.634
2006-04-30,3.501,0.612
2006-05-01,3.492,0.583
2006-05-02,4.313,0.564
2006-05-03,3.935,0.549
2006-05-04,3.538,0.544
2006-05-05,3.289,0.544
2006-05-06,3.144,0.561
2006-05-07,2.936,0.564
2006-05-08,2.750,0.547
2006-05-09,2.704,0.518
2006-05-10,2.677,0.530
2006-05-11,2.625,0.532
2006-05-12,2.550,0.524
2006-05-13,2.548,0.518
2006-05-14,2.452,0.521
2006-05-15,2.391,0.518
2006-05-16,2.358,0.541
2006-05-17,2.321,0.589
2006-05-18,2.327,0.575
2006-05-19,2.276,0.569
2006-05-20,2.138,0.547
2006-05-21,2.056,0.521
2006-05-22,1.994,0.504
2006-05-23,1.975,0.501
2006-05-24,2.029,0.513
2006-05-25,4.395,0.507
2006-05-26,3.153,0.496
2006-05-27,2.391,0.498
2006-05-28,2.079,0.532
2006-05-29,2.011,0.592
2006-05-30,1.912,0.569
2006-05-31,1.197,0.552
2006-06-01,1.017,0.547
2006-06-02,0.966,0.643
2006-06-03,0.924,0.685
2006-06-04,0.898,0.711
2006-06-05,0.896,0.714
2006-06-06,0.828,0.722
2006-06-07,0.806,0.731
2006-06-08,0.790,0.770
2006-06-09,0.791,0.765
2006-06-10,0.797,0.748
2006-06-11,0.801,0.697
2006-06-12,0.770,0.671
2006-06-13,0.729,0.657
2006-06-14,0.702,0.643
2006-06-15,0.647,0.697
2006-06-16,0.616,0.753
2006-06-17,0.621,0.759
2006-06-18,0.636,0.736
2006-06-19,0.643,0.736
2006-06-20,0.632,0.722
2006-06-21,0.618,0.728
2006-06-22,0.598,0.745
2006-06-23,0.588,0.799
2006-06-24,0.578,0.784
2006-06-25,0.562,0.844
2006-06-26,0.551,0.875
2006-06-27,0.546,0.943
2006-06-28,0.535,0.886
2006-06-29,0.527,0.847
2006-06-30,0.502,0.878
2006-07-01,0.508,0.844
2006-07-02,0.536,0.940
2006-07-03,0.541,0.892
2006-07-04,0.523,1.008
2006-07-05,0.504,0.971
2006-07-06,0.499,0.807
2006-07-07,0.482,1.152
2006-07-08,0.464,1.294
2006-07-09,0.464,0.833
2006-07-10,0.441,0.682
2006-07-11,0.430,0.626
2006-07-12,0.428,0.631
2006-07-13,0.426,0.731
2006-07-14,0.426,0.818
2006-07-15,0.429,0.759
2006-07-16,0.455,0.770
2006-07-17,0.462,0.801
2006-07-18,0.449,0.790
2006-07-19,0.452,0.855
2006-07-20,0.451,0.844
2006-07-21,0.420,0.801
2006-07-22,0.418,0.776
2006-07-23,0.415,0.773
2006-07-24,0.383,0.804
2006-07-25,0.344,0.784
2006-07-26,0.334,0.767
2006-07-27,0.310,0.872
2006-07-28,0.306,1.218
2006-07-29,0.315,1.580
2006-07-30,0.313,4.248
2006-07-31,0.292,2.305
2006-08-01,0.298,2.101
2006-08-02,0.334,3.738
2006-08-03,0.453,2.214
2006-08-04,0.466,3.936
2006-08-05,0.384,18.746
2006-08-06,0.315,11.468
2006-08-07,0.283,5.380
2006-08-08,0.276,3.341
2006-08-09,0.271,8.835
2006-08-10,0.270,9.599
2006-08-11,0.273,8.693
2006-08-12,0.256,7.759
2006-08-13,0.285,6.909
2006-08-14,0.290,14.810
2006-08-15,0.307,10.137
2006-08-16,1.924,5.635
2006-08-17,2.045,3.256
2006-08-18,0.975,13.592
2006-08-19,0.659,6.485
2006-08-20,0.541,22.229
2006-08-21,0.487,4.955
2006-08-22,0.461,7.561
2006-08-23,0.441,5.465
2006-08-24,0.436,12.912
2006-08-25,0.549,11.015
2006-08-26,0.925,3.766
2006-08-27,0.776,2.483
2006-08-28,0.623,2.025
2006-08-29,0.592,1.832
2006-08-30,0.525,1.764
2006-08-31,0.424,1.515
2006-09-01,0.355,2.339
2006-09-02,0.388,1.540
2006-09-03,0.400,1.869
2006-09-04,0.370,2.475
2006-09-05,0.364,2.067
2006-09-06,0.350,1.724
2006-09-07,0.346,1.427
2006-09-08,0.326,1.102
2006-09-09,0.307,0.983
2006-09-10,0.303,0.900
2006-09-11,0.306,0.767
2006-09-12,0.277,0.697
2006-09-13,0.273,0.708
2006-09-14,0.263,1.464
2006-09-15,0.249,1.186
2006-09-16,0.242,0.816
2006-09-17,0.248,0.682
2006-09-18,0.276,0.612
2006-09-19,0.330,0.575
2006-09-20,0.317,0.564
2006-09-21,0.277,0.592
2006-09-22,0.251,0.617
2006-09-23,0.247,0.603
2006-09-24,0.251,0.592
2006-09-25,0.252,0.578
2006-09-26,0.245,0.583
2006-09-27,0.250,0.580
2006-09-28,0.261,0.583
2006-09-29,0.281,0.575
2006-09-30,0.288,0.558
2006-10-01,0.287,0.527
2006-10-02,0.289,0.518
2006-10-03,0.410,0.518
2006-10-04,0.775,0.515
2006-10-05,0.701,0.515
2006-10-06,0.566,0.566
2006-10-07,0.399,0.631
2006-10-08,0.327,0.620
2006-10-09,0.288,0.830
2006-10-10,0.255,1.393
2006-10-11,0.243,1.042
2006-10-12,0.334,0.830
2006-10-13,0.343,0.714
2006-10-14,0.365,0.694
2006-10-15,0.374,0.716
2006-10-16,0.500,0.711
2006-10-17,0.297,0.685
2006-10-18,0.252,0.663
2006-10-19,0.292,0.657
2006-10-20,0.515,0.654
2006-10-21,0.618,0.648
2006-10-22,0.515,0.637
2006-10-23,0.371,0.637
2006-10-24,0.305,0.648
2006-10-25,0.244,0.668
2006-10-26,0.222,0.646
2006-10-27,0.263,0.634
2006-10-28,0.260,0.646
2006-10-29,0.217,0.663
2006-10-30,0.226,0.680
2006-10-31,0.242,0.674
2006-11-01,0.213,0.671
2006-11-02,0.232,0.674
2006-11-03,0.267,0.699
2006-11-04,0.209,0.682
2006-11-05,0.156,0.651
2006-11-06,0.132,0.637
2006-11-07,0.134,0.629
2006-11-08,0.127,0.620
2006-11-09,0.105,0.609
2006-11-10,0.114,0.612
2006-11-11,0.119,0.614
2006-11-12,0.107,0.620
2006-11-13,0.303,0.626
2006-11-14,0.474,0.623
2006-11-15,0.415,0.592
2006-11-16,0.318,0.566
2006-11-17,0.248,0.564
2006-11-18,0.727,0.564
2006-11-19,1.155,0.558
2006-11-20,0.799,0.552
2006-11-21,0.744,0.564
2006-11-22,1.941,0.564
2006-11-23,1.765,0.561
2006-11-24,1.337,0.564
2006-11-25,0.671,0.564
2006-11-26,0.483,0.566
2006-11-27,0.397,0.572
2006-11-28,0.536,0.575
2006-11-29,0.438,0.580
2006-11-30,0.382,0.595
2006-12-01,0.448,0.612
2006-12-02,1.563,0.606
2006-12-03,1.294,0.609
2006-12-04,0.656,0.612
2006-12-05,0.398,0.606
2006-12-06,0.254,0.575
2006-12-07,0.219,0.541
2006-12-08,0.183,0.544
2006-12-09,0.645,0.555
2006-12-10,3.220,0.561
2006-12-11,2.226,0.558
2006-12-12,1.362,0.549
2006-12-13,0.868,0.547
2006-12-14,0.622,0.547
2006-12-15,0.543,0.549
2006-12-16,6.080,0.555
2006-12-17,6.197,0.555
2006-12-18,3.097,0.555
2006-12-19,1.706,0.555
2006-12-20,2.960,0.552
2006-12-21,3.472,0.549
2006-12-22,16.694,0.555
2006-12-23,30.523,0.544
2006-12-24,21.653,0.544
2006-12-25,19.464,0.544
2006-12-26,6.817,0.541
2006-12-27,5.185,0.544
2006-12-28,4.176,0.583
2006-12-29,5.206,0.580
2006-12-30,3.696,0.572
2006-12-31,3.188,0.561
2007-01-01,2.828,0.569
2007-01-02,2.789,0.586
2007-01-03,2.565,0.617
2007-01-04,2.265,0.660
2007-01-05,2.117,0.688
2007-01-06,1.928,0.708
2007-01-07,1.863,0.705
2007-01-08,1.906,0.688
2007-01-09,2.009,0.691
2007-01-10,1.986,0.694
2007-01-11,1.731,0.719
2007-01-12,0.811,0.719
2007-01-13,0.608,0.728
2007-01-14,0.669,0.725
2007-01-15,0.829,0.725
2007-01-16,0.716,0.708
2007-01-17,1.079,0.694
2007-01-18,1.281,0.711
2007-01-19,1.072,0.841
2007-01-20,1.231,0.915
2007-01-21,0.782,0.838
2007-01-22,0.580,0.895
2007-01-23,0.490,0.813
2007-01-24,0.446,0.719
2007-01-25,0.414,0.663
2007-01-26,0.366,0.631
2007-01-27,0.795,0.603
2007-01-28,25.405,0.589
2007-01-29,3.745,0.580
2007-01-30,12.651,0.580
2007-01-31,53.349,0.620
2007-02-01,9.902,0.637
2007-02-02,28.310,0.643
2007-02-03,12.450,0.614
2007-02-04,6.349,0.597
2007-02-05,4.717,0.589
2007-02-06,5.872,0.580
2007-02-07,4.667,0.580
2007-02-08,16.157,0.578
2007-02-09,7.011,0.586
2007-02-10,4.509,0.643
2007-02-11,3.698,0.668
2007-02-12,3.188,0.866
2007-02-13,2.872,2.605
2007-02-14,2.499,2.330
2007-02-15,1.602,2.030
2007-02-16,1.408,1.807
2007-02-17,1.240,1.464
2007-02-18,1.122,1.133
2007-02-19,1.057,1.022
2007-02-20,0.918,0.994
2007-02-21,0.761,0.934
2007-02-22,0.705,1.022
2007-02-23,0.647,0.994
2007-02-24,0.613,1.011
2007-02-25,0.594,1.017
2007-02-26,0.577,1.019
2007-02-27,0.570,0.971
2007-02-28,0.518,0.886
2007-03-01,0.496,0.852
2007-03-02,0.674,0.816
2007-03-03,0.779,0.765
2007-03-04,0.834,0.739
2007-03-05,2.590,0.745
2007-03-06,1.631,0.801
2007-03-07,0.875,0.796
2007-03-08,0.640,0.779
2007-03-09,0.539,0.756
2007-03-10,0.534,0.759
2007-03-11,0.499,0.776
2007-03-12,0.464,0.782
2007-03-13,0.424,0.799
2007-03-14,0.408,0.810
2007-03-15,0.384,0.818
2007-03-16,0.348,0.816
2007-03-17,0.315,0.816
2007-03-18,0.255,0.804
2007-03-19,0.253,0.784
2007-03-20,0.240,0.779
2007-03-21,0.234,0.796
2007-03-22,0.241,0.966
2007-03-23,0.225,1.073
2007-03-24,0.210,1.410
2007-03-25,0.193,2.010
2007-03-26,0.151,1.894
2007-03-27,0.174,1.784
2007-03-28,0.194,1.586
2007-03-29,0.196,1.291
2007-03-30,0.266,1.150
2007-03-31,0.418,1.070
2007-04-01,0.371,1.002
2007-04-02,0.310,0.932
2007-04-03,0.293,0.869
2007-04-04,0.219,0.889
2007-04-05,0.172,1.014
2007-04-06,0.158,1.014
2007-04-07,0.184,0.997
2007-04-08,0.411,0.994
2007-04-09,0.434,0.985
2007-04-10,0.362,0.954
2007-04-11,0.265,0.937
2007-04-12,0.217,0.934
2007-04-13,0.168,1.025
2007-04-14,0.172,1.048
2007-04-15,0.196,0.968
2007-04-16,0.226,0.932
2007-04-17,0.198,0.923
2007-04-18,0.155,0.909
2007-04-19,0.145,0.881
2007-04-20,0.147,0.850
2007-04-21,0.144,0.850
2007-04-22,0.128,0.869
2007-04-23,0.110,0.855
2007-04-24,0.100,0.852
2007-04-25,0.087,0.844
2007-04-26,0.080,0.821
2007-04-27,0.077,0.847
2007-04-28,0.064,0.889
2007-04-29,0.055,0.889
2007-04-30,0.055,0.895
2007-05-01,0.057,0.872
2007-05-02,0.062,0.827
2007-05-03,0.060,0.872
2007-05-04,0.061,0.949
2007-05-05,0.057,0.946
2007-05-06,0.048,0.946
2007-05-07,0.045,0.937
2007-05-08,0.040,0.912
2007-05-09,0.037,0.977
2007-05-10,0.032,0.889
2007-05-11,0.028,0.852
2007-05-12,0.031,0.833
2007-05-13,0.033,0.813
2007-05-14,0.031,0.799
2007-05-15,0.026,0.784
2007-05-16,0.035,0.793
2007-05-17,0.041,0.878
2007-05-18,0.041,0.946
2007-05-19,0.037,0.816
2007-05-20,0.029,0.765
2007-05-21,0.019,0.739
2007-05-22,0.020,0.722
2007-05-23,0.020,0.767
2007-05-24,0.017,0.799
2007-05-25,0.018,0.799
2007-05-26,0.019,0.801
2007-05-27,0.026,0.796
2007-05-28,0.029,0.796
2007-05-29,0.023,0.767
2007-05-30,0.028,0.750
2007-05-31,0.035,0.711
2007-06-01,0.036,0.731
2007-06-02,0.031,0.742
2007-06-03,0.028,0.787
2007-06-04,0.034,0.787
2007-06-05,0.037,0.793
2007-06-06,0.038,0.779
2007-06-07,0.042,0.784
2007-06-08,0.047,0.796
2007-06-09,0.052,0.821
2007-06-10,0.057,0.810
2007-06-11,0.051,0.906
2007-06-12,0.047,1.025
2007-06-13,0.047,0.929
2007-06-14,0.048,0.861
2007-06-15,0.045,0.838
2007-06-16,0.039,0.776
2007-06-17,0.033,0.665
2007-06-18,0.029,0.671
2007-06-19,0.029,0.665
2007-06-20,0.027,0.691
2007-06-21,0.026,0.733
2007-06-22,0.030,0.733
2007-06-23,0.026,0.716
2007-06-24,0.025,0.722
2007-06-25,0.026,0.711
2007-06-26,0.027,0.708
2007-06-27,0.045,0.708
2007-06-28,0.071,0.736
2007-06-29,0.075,0.733
2007-06-30,0.114,0.762
2007-07-01,0.096,0.748
2007-07-02,0.085,0.750
2007-07-03,0.084,0.750
2007-07-04,0.078,0.762
2007-07-05,0.072,0.804
2007-07-06,0.065,0.841
2007-07-07,0.048,0.920
2007-07-08,0.042,0.926
2007-07-09,0.036,0.824
2007-07-10,0.027,0.790
2007-07-11,0.022,0.762
2007-07-12,0.027,0.759
2007-07-13,0.030,0.759
2007-07-14,0.029,0.838
2007-07-15,0.025,0.742
2007-07-16,0.025,0.714
2007-07-17,0.028,0.705
2007-07-18,0.031,0.643
2007-07-19,0.029,0.657
2007-07-20,0.034,0.691
2007-07-21,0.032,0.733
2007-07-22,0.030,0.790
2007-07-23,0.023,1.526
2007-07-24,0.019,1.203
2007-07-25,0.019,0.680
2007-07-26,0.024,1.345
2007-07-27,0.014,1.603
2007-07-28,0.018,3.398
2007-07-29,0.019,1.894
2007-07-30,0.016,1.164
2007-07-31,0.014,1.172
2007-08-01,0.011,1.903
2007-08-02,0.010,2.387
2007-08-03,0.009,7.192
2007-08-04,0.009,3.426
2007-08-05,0.008,11.808
2007-08-06,0.008,4.332
2007-08-07,0.007,8.608
2007-08-08,0.007,3.143
2007-08-09,0.008,2.005
2007-08-10,0.008,1.739
2007-08-11,0.006,1.892
2007-08-12,0.067,1.498
2007-08-13,0.218,0.917
2007-08-14,0.105,0.861
2007-08-15,0.062,0.736
2007-08-16,0.037,0.779
2007-08-17,0.036,0.943
2007-08-18,0.040,0.895
2007-08-19,0.043,0.790
2007-08-20,0.043,0.762
2007-08-21,0.051,0.796
2007-08-22,0.049,0.821
2007-08-23,0.033,0.858
2007-08-24,0.025,0.858
2007-08-25,0.035,1.014
2007-08-26,0.046,1.138
2007-08-27,0.044,1.291
2007-08-28,0.048,1.237
2007-08-29,0.036,1.085
2007-08-30,0.035,1.212
2007-08-31,0.030,1.085
2007-09-01,0.019,1.070
2007-09-02,0.016,1.158
2007-09-03,0.014,1.263
2007-09-04,0.011,1.243
2007-09-05,0.008,1.232
2007-09-06,0.008,1.144
2007-09-07,0.007,1.082
2007-09-08,0.006,1.065
2007-09-09,0.005,0.943
2007-09-10,0.004,0.971
2007-09-11,0.006,1.025
2007-09-12,0.005,1.161
2007-09-13,0.003,1.051
2007-09-14,0.003,0.949
2007-09-15,0.003,0.671
2007-09-16,0.003,0.648
2007-09-17,0.006,0.697
2007-09-18,0.007,0.739
2007-09-19,0.007,0.756
2007-09-20,0.006,0.821
2007-09-21,0.008,0.716
2007-09-22,0.028,0.702
2007-09-23,0.035,0.861
2007-09-24,0.032,0.878
2007-09-25,0.040,0.855
2007-09-26,0.049,0.708
2007-09-27,0.060,0.544
2007-09-28,0.080,0.507
2007-09-29,0.072,0.490
2007-09-30,0.079,0.490
2007-10-01,0.265,0.538
2007-10-02,1.861,0.595
2007-10-03,0.918,0.660
2007-10-04,0.357,0.586
2007-10-05,0.550,0.623
2007-10-06,6.758,0.620
2007-10-07,4.982,0.614
2007-10-08,2.075,0.612
2007-10-09,19.043,0.603
2007-10-10,13.294,0.620
2007-10-11,4.978,0.629
2007-10-12,3.068,0.620
2007-10-13,2.134,0.620
2007-10-14,2.109,0.643
2007-10-15,1.089,0.654
2007-10-16,0.828,0.654
2007-10-17,0.747,0.657
2007-10-18,2.790,0.654
2007-10-19,3.566,0.654
2007-10-20,2.923,0.654
2007-10-21,2.085,0.643
2007-10-22,1.486,0.646
2007-10-23,1.163,0.674
2007-10-24,0.978,0.688
2007-10-25,0.757,0.680
2007-10-26,0.700,0.646
2007-10-27,0.690,0.674
2007-10-28,0.626,0.677
2007-10-29,0.510,0.674
2007-10-30,0.434,0.680
2007-10-31,0.386,0.691
2007-11-01,0.413,0.694
2007-11-02,1.307,0.699
2007-11-03,0.999,0.694
2007-11-04,0.565,0.705
2007-11-05,0.449,0.702
2007-11-06,17.848,0.699
2007-11-07,29.705,0.705
2007-11-08,10.910,0.739
2007-11-09,7.744,0.705
2007-11-10,5.927,0.722
2007-11-11,4.539,0.736
2007-11-12,3.631,0.739
2007-11-13,2.940,0.745
2007-11-14,2.409,0.742
2007-11-15,2.089,0.739
2007-11-16,1.929,0.725
2007-11-17,1.928,0.750
2007-11-18,1.843,0.750
2007-11-19,1.757,0.750
2007-11-20,1.624,0.748
2007-11-21,1.539,0.733
2007-11-22,12.280,0.728
2007-11-23,12.260,0.728
2007-11-24,5.794,0.736
2007-11-25,7.032,0.736
2007-11-26,4.517,0.748
2007-11-27,3.638,0.748
2007-11-28,3.272,0.742
2007-11-29,3.098,0.745
2007-11-30,3.283,0.864
2007-12-01,4.398,1.957
2007-12-02,3.767,1.351
2007-12-03,3.313,1.240
2007-12-04,3.205,1.195
2007-12-05,3.741,0.977
2007-12-06,3.445,0.759
2007-12-07,7.049,0.694
2007-12-08,8.752,0.793
2007-12-09,9.182,2.945
2007-12-10,6.030,2.973
2007-12-11,4.751,2.639
2007-12-12,12.757,2.755
2007-12-13,8.507,2.676
2007-12-14,5.179,2.260
2007-12-15,4.679,1.960
2007-12-16,4.128,1.716
2007-12-17,7.085,1.271
2007-12-18,7.593,1.110
2007-12-19,5.457,0.977
2007-12-20,4.202,0.898
2007-12-21,3.821,0.858
2007-12-22,3.537,0.861
2007-12-23,3.346,0.852
2007-12-24,3.224,0.807
2007-12-25,3.661,0.787
2007-12-26,3.683,0.776
2007-12-27,3.252,0.767
2007-12-28,3.264,0.753
2007-12-29,3.016,0.748
2007-12-30,2.159,0.779
2007-12-31,1.192,0.776
2008-01-01,1.022,0.767
2008-01-02,0.936,0.759
2008-01-03,1.327,0.765
2008-01-04,2.442,0.804
2008-01-05,5.484,0.883
2008-01-06,17.319,0.943
2008-01-07,5.873,34.830
2008-01-08,2.901,60.881
2008-01-09,2.224,13.649
2008-01-10,2.126,7.306
2008-01-11,1.941,5.409
2008-01-12,1.724,4.304
2008-01-13,1.541,3.568
2008-01-14,1.549,3.002
2008-01-15,37.689,2.687
2008-01-16,15.543,2.466
2008-01-17,38.088,2.274
2008-01-18,16.377,2.305
2008-01-19,9.967,2.002
2008-01-20,7.971,1.960
2008-01-21,13.060,2.192
2008-01-22,9.747,1.909
2008-01-23,6.495,1.977
2008-01-24,5.570,1.826
2008-01-25,5.681,1.826
2008-01-26,4.774,1.775
2008-01-27,4.110,1.795
2008-01-28,5.266,161.689
2008-01-29,28.995,56.917
2008-01-30,9.817,25.174
2008-01-31,6.455,13.875
2008-02-01,5.018,8.410
2008-02-02,4.174,5.692
2008-02-03,3.668,4.361
2008-02-04,3.381,3.738
2008-02-05,3.341,9.514
2008-02-06,16.389,6.031
2008-02-07,7.090,3.908
2008-02-08,4.132,3.285
2008-02-09,6.630,3.087
2008-02-10,4.589,2.888
2008-02-11,3.773,2.832
2008-02-12,3.478,2.888
2008-02-13,47.292,2.973
2008-02-14,25.056,2.973
2008-02-15,13.154,3.058
2008-02-16,11.266,4.106
2008-02-17,9.421,6.371
2008-02-18,7.225,9.005
2008-02-19,5.796,6.824
2008-02-20,6.478,5.692
2008-02-21,5.677,5.267
2008-02-22,4.516,5.239
2008-02-23,4.032,4.729
2008-02-24,3.858,5.947
2008-02-25,3.680,4.870
2008-02-26,3.993,4.332
2008-02-27,6.787,3.879
2008-02-28,4.510,3.483
2008-02-29,3.551,3.285
2008-03-01,3.251,3.200
2008-03-02,3.087,3.341
2008-03-03,2.926,3.341
2008-03-04,2.825,3.002
2008-03-05,1.795,2.662
2008-03-06,0.778,2.452
2008-03-07,0.670,2.280
2008-03-08,0.631,2.146
2008-03-09,0.630,2.095
2008-03-10,0.592,2.039
2008-03-11,0.539,1.968
2008-03-12,0.509,1.914
2008-03-13,16.179,1.889
2008-03-14,5.918,1.875
2008-03-15,3.545,1.877
2008-03-16,10.214,1.886
2008-03-17,6.430,1.877
2008-03-18,5.624,1.849
2008-03-19,5.485,1.790
2008-03-20,3.506,1.730
2008-03-21,2.650,1.651
2008-03-22,2.289,1.555
2008-03-23,2.074,1.436
2008-03-24,1.834,1.371
2008-03-25,1.634,1.337
2008-03-26,1.635,1.314
2008-03-27,52.880,1.311
2008-03-28,13.688,1.314
2008-03-29,10.650,1.305
2008-03-30,7.468,1.277
2008-03-31,41.696,1.252
2008-04-01,27.930,1.260
2008-04-02,15.714,1.291
2008-04-03,13.255,1.297
2008-04-04,9.191,1.271
2008-04-05,7.127,1.263
2008-04-06,9.001,1.257
2008-04-07,6.478,1.252
2008-04-08,5.139,1.240
2008-04-09,4.634,1.243
2008-04-10,4.326,1.235
2008-04-11,4.105,1.218
2008-04-12,4.004,1.203
2008-04-13,18.759,1.192
2008-04-14,49.897,1.184
2008-04-15,17.215,1.169
2008-04-16,9.866,1.155
2008-04-17,7.568,1.141
2008-04-18,6.469,1.133
2008-04-19,5.726,1.130
2008-04-20,5.228,1.116
2008-04-21,27.173,1.102
2008-04-22,19.002,1.087
2008-04-23,10.447,1.082
2008-04-24,8.080,1.070
2008-04-25,6.961,1.056
2008-04-26,6.198,1.034
2008-04-27,5.596,1.028
2008-04-28,5.296,1.019
2008-04-29,7.159,1.019
2008-04-30,6.556,1.014
2008-05-01,5.516,0.994
2008-05-02,5.053,0.991
2008-05-03,4.822,0.991
2008-05-04,4.768,0.983
2008-05-05,4.958,0.971
2008-05-06,4.758,0.957
2008-05-07,4.373,0.963
2008-05-08,4.153,0.954
2008-05-09,3.382,0.940
2008-05-10,2.136,0.920
2008-05-11,1.936,0.892
2008-05-12,1.778,0.875
2008-05-13,1.602,0.898
2008-05-14,1.536,0.932
2008-05-15,1.515,0.858
2008-05-16,1.513,0.838
2008-05-17,1.449,0.813
2008-05-18,1.377,0.793
2008-05-19,1.358,0.784
2008-05-20,1.327,0.796
2008-05-21,1.275,0.864
2008-05-22,1.197,0.892
2008-05-23,1.127,1.042
2008-05-24,1.074,1.155
2008-05-25,1.040,1.039
2008-05-26,1.097,0.985
2008-05-27,1.225,0.951
2008-05-28,1.264,0.909
2008-05-29,1.127,0.861
2008-05-30,0.992,0.847
2008-05-31,0.956,0.847
2008-06-01,0.919,0.816
2008-06-02,0.874,0.787
2008-06-03,0.877,0.767
2008-06-04,0.974,0.790
2008-06-05,1.550,0.765
2008-06-06,1.395,0.779
2008-06-07,1.124,0.779
2008-06-08,0.990,0.790
2008-06-09,0.921,0.782
2008-06-10,1.017,0.767
2008-06-11,1.051,0.767
2008-06-12,0.955,0.767
2008-06-13,0.842,0.804
2008-06-14,0.770,0.898
2008-06-15,0.726,0.943
2008-06-16,0.688,0.957
2008-06-17,0.651,0.949
2008-06-18,0.655,0.912
2008-06-19,0.691,0.883
2008-06-20,0.696,0.872
2008-06-21,0.664,0.881
2008-06-22,0.652,0.923
2008-06-23,0.637,0.929
2008-06-24,0.602,0.900
2008-06-25,0.598,0.886
2008-06-26,0.587,0.906
2008-06-27,0.565,0.920
2008-06-28,0.562,0.985
2008-06-29,0.554,1.022
2008-06-30,0.552,1.036
2008-07-01,0.542,1.019
2008-07-02,0.529,1.005
2008-07-03,0.504,1.028
2008-07-04,0.478,0.977
2008-07-05,0.446,0.971
2008-07-06,0.421,1.005
2008-07-07,0.411,1.096
2008-07-08,0.385,1.051
2008-07-09,0.376,1.076
2008-07-10,0.330,1.008
2008-07-11,0.337,1.059
2008-07-12,0.347,1.246
2008-07-13,0.365,1.127
2008-07-14,0.382,1.269
2008-07-15,0.410,0.898
2008-07-16,0.373,0.782
2008-07-17,0.382,0.782
2008-07-18,0.394,0.793
2008-07-19,0.399,2.209
2008-07-20,0.387,2.152
2008-07-21,0.397,1.048
2008-07-22,0.380,0.651
2008-07-23,0.356,0.878
2008-07-24,0.342,0.963
2008-07-25,0.343,0.878
2008-07-26,0.333,2.945
2008-07-27,0.324,3.285
2008-07-28,0.334,2.209
2008-07-29,0.322,1.325
2008-07-30,0.321,0.906
2008-07-31,0.308,0.807
2008-08-01,0.296,0.742
2008-08-02,0.259,1.345
2008-08-03,0.256,1.116
2008-08-04,0.280,0.869
2008-08-05,0.289,0.844
2008-08-06,0.280,0.694
2008-08-07,0.258,0.640
2008-08-08,0.256,0.719
2008-08-09,0.246,0.946
2008-08-10,0.232,1.068
2008-08-11,0.238,1.039
2008-08-12,0.235,1.082
2008-08-13,0.221,1.059
2008-08-14,0.209,1.152
2008-08-15,0.208,1.186
2008-08-16,0.211,1.396
2008-08-17,0.205,1.889
2008-08-18,0.217,1.872
2008-08-19,0.228,1.713
2008-08-20,0.226,1.342
2008-08-21,0.222,1.039
2008-08-22,0.221,0.852
2008-08-23,0.213,0.725
2008-08-24,0.215,0.631
2008-08-25,0.209,0.612
2008-08-26,0.191,0.705
2008-08-27,0.171,0.960
2008-08-28,0.142,0.963
2008-08-29,0.129,0.898
2008-08-30,0.126,0.892
2008-08-31,0.139,1.110
2008-09-01,0.120,5.635
2008-09-02,0.112,3.058
2008-09-03,0.108,21.124
2008-09-04,0.105,4.729
2008-09-05,0.093,3.002
2008-09-06,0.076,2.138
2008-09-07,0.071,1.855
2008-09-08,0.073,1.608
2008-09-09,0.074,1.427
2008-09-10,0.088,1.736
2008-09-11,0.092,1.331
2008-09-12,0.091,1.181
2008-09-13,0.094,1.005
2008-09-14,0.105,0.878
2008-09-15,0.112,0.762
2008-09-16,0.100,0.711
2008-09-17,0.063,0.697
2008-09-18,0.041,0.714
2008-09-19,0.033,0.708
2008-09-20,0.051,0.711
2008-09-21,0.296,0.722
2008-09-22,0.503,0.699
2008-09-23,0.312,0.699
2008-09-24,0.240,0.688
2008-09-25,0.191,0.674
2008-09-26,0.152,0.674
2008-09-27,0.124,0.694
2008-09-28,0.108,0.714
2008-09-29,0.097,0.708
2008-09-30,0.092,0.691
2008-10-01,0.090,0.691
2008-10-02,0.097,0.697
2008-10-03,0.083,0.714
2008-10-04,0.066,0.736
2008-10-05,0.063,0.852
2008-10-06,0.059,0.920
2008-10-07,0.070,0.821
2008-10-08,0.080,0.745
2008-10-09,0.087,0.719
2008-10-10,0.085,0.714
2008-10-11,0.077,0.810
2008-10-12,0.067,0.844
2008-10-13,0.058,0.753
2008-10-14,0.050,0.782
2008-10-15,0.045,0.782
2008-10-16,0.042,0.784
2008-10-17,0.040,0.745
2008-10-18,0.039,0.699
2008-10-19,0.035,0.691
2008-10-20,0.236,0.685
2008-10-21,0.887,0.685
2008-10-22,0.882,0.674
2008-10-23,0.920,0.657
2008-10-24,0.935,0.688
2008-10-25,0.939,0.694
2008-10-26,0.914,0.665
2008-10-27,0.896,0.688
2008-10-28,0.886,0.711
2008-10-29,0.459,0.742
2008-10-30,0.166,0.753
2008-10-31,0.120,0.756
2008-11-01,0.108,0.770
2008-11-02,0.075,0.827
2008-11-03,0.048,0.861
2008-11-04,0.030,0.875
2008-11-05,0.016,0.878
2008-11-06,0.011,0.878
2008-11-07,0.012,0.881
2008-11-08,0.023,0.900
2008-11-09,0.212,0.943
2008-11-10,0.291,0.980
2008-11-11,0.269,0.977
2008-11-12,7.021,0.949
2008-11-13,2.666,1.053
2008-11-14,2.248,1.045
2008-11-15,1.640,1.002
2008-11-16,0.872,0.994
2008-11-17,0.535,0.980
2008-11-18,0.373,0.966
2008-11-19,0.157,0.949
2008-11-20,0.429,0.949
2008-11-21,0.349,0.943
2008-11-22,0.329,0.818
2008-11-23,0.201,0.793
2008-11-24,0.123,0.830
2008-11-25,0.153,0.861
2008-11-26,3.790,0.954
2008-11-27,0.997,1.068
2008-11-28,0.485,1.144
2008-11-29,0.542,1.070
2008-11-30,0.473,1.025
2008-12-01,0.312,0.997
2008-12-02,0.192,0.966
2008-12-03,0.268,0.912
2008-12-04,13.675,0.838
2008-12-05,5.617,0.830
2008-12-06,3.338,0.813
2008-12-07,1.876,0.813
2008-12-08,1.120,0.844
2008-12-09,0.764,0.889
2008-12-10,5.189,0.827
2008-12-11,1.199,0.784
2008-12-12,0.678,0.765
2008-12-13,38.074,0.745
2008-12-14,27.354,0.699
2008-12-15,11.870,0.705
2008-12-16,6.038,0.702
2008-12-17,4.719,0.663
2008-12-18,3.005,0.665
2008-12-19,2.127,0.688
2008-12-20,1.655,0.677
2008-12-21,1.353,0.651
2008-12-22,1.058,0.634
2008-12-23,0.870,0.668
2008-12-24,0.781,0.697
2008-12-25,0.659,0.725
2008-12-26,0.536,0.736
2008-12-27,0.588,0.770
2008-12-28,0.600,0.807
2008-12-29,0.445,0.733
2008-12-30,0.427,0.699
2008-12-31,0.425,0.631
2009-01-01,0.415,0.569
2009-01-02,0.397,0.544
2009-01-03,0.601,0.566
2009-01-04,0.680,0.589
2009-01-05,0.515,0.629
2009-01-06,0.393,0.631
2009-01-07,0.372,0.589
2009-01-08,0.270,0.566
2009-01-09,0.219,0.547
2009-01-10,0.739,0.646
2009-01-11,39.003,0.660
2009-01-12,10.364,0.637
2009-01-13,8.701,0.648
2009-01-14,6.970,0.688
2009-01-15,4.207,0.694
2009-01-16,2.718,0.694
2009-01-17,2.358,0.699
2009-01-18,3.680,0.697
2009-01-19,2.752,0.697
2009-01-20,2.070,0.694
2009-01-21,2.027,0.694
2009-01-22,8.879,0.719
2009-01-23,4.097,0.810
2009-01-24,2.290,0.858
2009-01-25,1.801,0.991
2009-01-26,1.561,1.430
2009-01-27,1.693,1.405
2009-01-28,8.005,1.136
2009-01-29,58.046,1.008
2009-01-30,70.061,0.915
2009-01-31,51.330,0.827
2009-02-01,24.149,0.750
2009-02-02,15.422,0.691
2009-02-03,11.482,0.643
2009-02-04,8.737,0.597
2009-02-05,7.802,0.566
2009-02-06,7.093,0.558
2009-02-07,6.225,0.547
2009-02-08,5.462,0.586
2009-02-09,4.981,0.580
2009-02-10,6.412,0.600
2009-02-11,87.730,0.634
2009-02-12,73.237,0.612
2009-02-13,43.871,0.569
2009-02-14,22.803,0.566
2009-02-15,21.959,0.555
2009-02-16,72.979,0.555
2009-02-17,43.646,0.552
2009-02-18,21.430,0.558
2009-02-19,13.720,0.552
2009-02-20,10.337,0.544
2009-02-21,9.107,0.541
2009-02-22,7.947,0.541
2009-02-23,10.448,0.535
2009-02-24,7.905,0.541
2009-02-25,6.754,0.535
2009-02-26,11.723,0.538
2009-02-27,37.163,0.572
2009-02-28,14.322,0.606
2009-03-01,13.989,0.609
2009-03-02,11.612,0.603
2009-03-03,9.003,0.606
2009-03-04,7.564,0.609
2009-03-05,8.541,0.595
2009-03-06,6.508,0.592
2009-03-07,5.981,0.589
2009-03-08,5.596,0.597
2009-03-09,9.416,0.646
2009-03-10,17.391,0.660
2009-03-11,9.993,0.643
2009-03-12,9.369,0.609
2009-03-13,9.553,0.606
2009-03-14,11.882,0.603
2009-03-15,10.215,0.592
2009-03-16,8.022,0.575
2009-03-17,7.037,0.552
2009-03-18,10.608,0.535
2009-03-19,22.697,0.524
2009-03-20,15.118,0.524
2009-03-21,14.655,0.524
2009-03-22,10.863,0.507
2009-03-23,8.423,0.496
2009-03-24,7.142,0.493
2009-03-25,6.335,0.484
2009-03-26,5.676,0.484
2009-03-27,5.202,0.487
2009-03-28,4.836,0.484
2009-03-29,4.552,0.530
2009-03-30,4.357,0.586
2009-03-31,4.212,0.595
2009-04-01,4.059,0.609
2009-04-02,3.965,0.612
2009-04-03,3.870,0.609
2009-04-04,3.799,0.606
2009-04-05,3.709,0.603
2009-04-06,3.618,0.614
2009-04-07,16.455,0.609
2009-04-08,10.432,0.612
2009-04-09,6.106,0.612
2009-04-10,4.437,0.603
2009-04-11,2.668,0.654
2009-04-12,2.324,0.711
2009-04-13,2.082,0.699
2009-04-14,1.919,0.657
2009-04-15,1.874,0.629
2009-04-16,1.729,0.592
2009-04-17,1.569,0.631
2009-04-18,1.491,0.651
2009-04-19,1.404,0.651
2009-04-20,1.313,0.634
2009-04-21,1.247,0.634
2009-04-22,1.382,0.620
2009-04-23,1.444,0.617
2009-04-24,1.315,0.623
2009-04-25,1.197,0.620
2009-04-26,1.119,0.614
2009-04-27,1.022,0.586
2009-04-28,0.952,0.634
2009-04-29,0.927,0.600
2009-04-30,0.880,0.595
2009-05-01,0.842,0.583
2009-05-02,0.812,0.609
2009-05-03,0.814,0.634
2009-05-04,0.868,0.623
2009-05-05,0.929,0.612
2009-05-06,1.027,0.597
2009-05-07,0.899,0.631
2009-05-08,0.828,0.544
2009-05-09,0.770,0.521
2009-05-10,0.750,0.510
2009-05-11,0.739,0.498
2009-05-12,0.719,0.490
2009-05-13,0.686,0.532
2009-05-14,0.689,0.547
2009-05-15,0.632,0.665
2009-05-16,0.611,0.504
2009-05-17,0.618,0.476
2009-05-18,0.548,0.476
2009-05-19,0.525,0.467
2009-05-20,0.479,0.527
2009-05-21,0.485,0.609
2009-05-22,0.522,0.770
2009-05-23,0.528,0.790
2009-05-24,0.525,0.756
2009-05-25,0.538,0.725
2009-05-26,0.533,0.682
2009-05-27,0.512,0.617
2009-05-28,0.524,0.592
2009-05-29,0.516,0.547
2009-05-30,0.518,0.524
2009-05-31,0.486,0.527
2009-06-01,0.452,0.510
2009-06-02,0.425,0.493
2009-06-03,0.414,0.447
2009-06-04,0.419,0.442
2009-06-05,0.434,0.422
2009-06-06,0.432,0.422
2009-06-07,0.411,0.456
2009-06-08,1.223,0.515
2009-06-09,5.389,0.481
2009-06-10,2.131,0.617
2009-06-11,1.327,0.580
2009-06-12,1.054,0.535
2009-06-13,0.861,0.394
2009-06-14,0.744,0.314
2009-06-15,0.666,0.309
2009-06-16,0.623,0.357
2009-06-17,0.596,0.402
2009-06-18,0.587,0.518
2009-06-19,0.592,0.555
2009-06-20,0.595,0.606
2009-06-21,0.611,0.629
2009-06-22,0.613,0.606
2009-06-23,0.570,0.614
2009-06-24,0.532,0.708
2009-06-25,0.483,0.779
2009-06-26,0.436,0.770
2009-06-27,0.405,0.688
2009-06-28,0.404,0.623
2009-06-29,0.427,0.637
2009-06-30,0.410,0.592
2009-07-01,0.429,0.722
2009-07-02,0.452,0.586
2009-07-03,0.449,0.555
2009-07-04,0.452,0.481
2009-07-05,0.463,0.566
2009-07-06,0.491,0.530
2009-07-07,0.510,0.377
2009-07-08,0.498,0.292
2009-07-09,0.471,0.244
2009-07-10,0.460,0.207
2009-07-11,0.432,0.190
2009-07-12,0.422,0.248
2009-07-13,0.407,0.314
2009-07-14,0.397,0.365
2009-07-15,0.394,0.413
2009-07-16,0.389,0.413
2009-07-17,0.387,0.396
2009-07-18,0.382,0.385
2009-07-19,0.386,0.445
2009-07-20,0.397,0.365
2009-07-21,0.399,0.354
2009-07-22,0.405,0.343
2009-07-23,0.405,0.354
2009-07-24,0.407,0.600
2009-07-25,0.404,0.493
2009-07-26,0.395,0.436
2009-07-27,0.407,0.411
2009-07-28,0.402,0.422
2009-07-29,0.385,0.396
2009-07-30,0.383,0.334
2009-07-31,0.394,0.377
2009-08-01,0.422,0.439
2009-08-02,4.737,0.442
2009-08-03,6.991,0.484
2009-08-04,2.826,0.479
2009-08-05,1.701,0.433
2009-08-06,1.225,0.385
2009-08-07,0.942,0.371
2009-08-08,0.834,0.357
2009-08-09,0.760,0.354
2009-08-10,0.698,0.343
2009-08-11,0.654,0.340
2009-08-12,0.611,0.354
2009-08-13,0.577,0.442
2009-08-14,0.541,0.561
2009-08-15,0.493,0.532
2009-08-16,0.491,0.487
2009-08-17,0.487,0.462
2009-08-18,0.484,0.439
2009-08-19,0.458,0.419
2009-08-20,0.435,0.422
2009-08-21,0.422,0.476
2009-08-22,0.408,0.558
2009-08-23,0.390,0.657
2009-08-24,0.385,0.736
2009-08-25,0.387,0.779
2009-08-26,0.391,0.883
2009-08-27,0.397,0.614
2009-08-28,0.393,0.493
2009-08-29,0.394,0.490
2009-08-30,0.392,0.493
2009-08-31,0.377,0.515
2009-09-01,0.364,0.481
2009-09-02,0.344,0.473
2009-09-03,0.321,0.456
2009-09-04,0.300,0.518
2009-09-05,0.306,0.612
2009-09-06,0.284,0.617
2009-09-07,0.275,0.654
2009-09-08,0.248,0.634
2009-09-09,0.232,0.583
2009-09-10,0.258,0.515
2009-09-11,0.308,0.589
2009-09-12,0.389,0.603
2009-09-13,0.367,0.620
2009-09-14,0.372,0.578
2009-09-15,0.297,0.527
2009-09-16,0.296,0.484
2009-09-17,0.280,0.487
2009-09-18,0.279,0.544
2009-09-19,0.300,0.634
2009-09-20,0.308,0.892
2009-09-21,0.307,0.929
2009-09-22,0.285,0.651
2009-09-23,0.288,0.518
2009-09-24,0.352,0.473
2009-09-25,0.372,0.462
2009-09-26,0.309,0.464
2009-09-27,0.277,0.456
2009-09-28,0.253,0.442
2009-09-29,0.251,0.436
2009-09-30,0.285,0.439
2009-10-01,0.333,0.425
2009-10-02,0.452,0.428
2009-10-03,0.594,0.439
2009-10-04,1.220,0.470
2009-10-05,0.833,0.464
2009-10-06,0.577,0.473
2009-10-07,0.578,0.481
2009-10-08,0.486,0.464
2009-10-09,0.383,0.459
2009-10-10,0.317,0.456
2009-10-11,0.298,0.450
2009-10-12,0.288,0.456
2009-10-13,0.301,0.456
2009-10-14,0.289,0.450
2009-10-15,0.295,0.445
2009-10-16,0.266,0.436
2009-10-17,0.252,0.428
2009-10-18,0.321,0.428
2009-10-19,0.500,0.445
2009-10-20,0.402,0.442
2009-10-21,0.338,0.447
2009-10-22,0.284,0.456
2009-10-23,0.256,0.456
2009-10-24,0.238,0.445
2009-10-25,0.222,0.447
2009-10-26,0.207,0.445
2009-10-27,0.202,0.462
2009-10-28,0.213,0.416
2009-10-29,0.877,0.413
2009-10-30,3.196,0.436
2009-10-31,2.356,0.456
2009-11-01,1.447,0.464
2009-11-02,1.099,0.459
2009-11-03,1.203,0.447
2009-11-04,0.868,0.428
2009-11-05,0.782,0.382
2009-11-06,1.264,0.360
2009-11-07,0.777,0.360
2009-11-08,0.637,0.357
2009-11-09,0.463,0.354
2009-11-10,0.436,0.360
2009-11-11,0.412,0.360
2009-11-12,0.379,0.368
2009-11-13,0.332,0.374
2009-11-14,0.286,0.377
2009-11-15,0.252,0.379
2009-11-16,0.241,0.379
2009-11-17,0.267,0.391
2009-11-18,0.374,0.396
2009-11-19,0.597,0.388
2009-11-20,0.736,0.362
2009-11-21,3.035,0.371
2009-11-22,4.453,0.379
2009-11-23,2.578,0.394
2009-11-24,1.753,0.405
2009-11-25,2.868,0.394
2009-11-26,2.408,0.368
2009-11-27,5.805,0.365
2009-11-28,2.370,0.365
2009-11-29,1.597,0.374
2009-11-30,1.310,0.391
2009-12-01,0.975,0.396
2009-12-02,1.114,0.385
2009-12-03,1.469,0.368
2009-12-04,0.970,0.362
2009-12-05,0.755,0.371
2009-12-06,0.694,0.365
2009-12-07,0.778,0.365
2009-12-08,0.922,0.428
2009-12-09,0.969,0.447
2009-12-10,0.648,0.445
2009-12-11,0.652,0.428
2009-12-12,2.902,0.408
2009-12-13,1.845,0.396
2009-12-14,2.360,0.405
2009-12-15,2.899,0.402
2009-12-16,2.065,0.396
2009-12-17,1.509,0.388
2009-12-18,1.154,0.379
2009-12-19,0.907,0.377
2009-12-20,1.005,0.377
2009-12-21,12.084,0.377
2009-12-22,2.952,0.382
2009-12-23,1.686,0.411
2009-12-24,1.330,0.408
2009-12-25,1.148,0.396
2009-12-26,1.436,0.385
2009-12-27,1.797,0.374
2009-12-28,1.644,0.371
2009-12-29,1.187,0.374
2009-12-30,1.055,0.377
2009-12-31,1.207,0.377
2010-01-01,0.911,0.385
2010-01-02,7.552,0.385
2010-01-03,6.167,0.377
2010-01-04,3.697,0.374
2010-01-05,2.884,0.379
2010-01-06,2.495,0.379
2010-01-07,2.497,0.379
2010-01-08,3.602,0.377
2010-01-09,6.538,0.379
2010-01-10,2.821,0.382
2010-01-11,3.086,0.371
2010-01-12,37.822,0.362
2010-01-13,7.353,0.362
2010-01-14,8.536,0.365
2010-01-15,3.483,0.365
2010-01-16,9.005,0.368
2010-01-17,4.158,0.374
2010-01-18,3.171,0.379
2010-01-19,2.698,0.399
2010-01-20,2.509,0.453
2010-01-21,5.701,0.569
2010-01-22,5.674,67.394
2010-01-23,5.167,21.889
2010-01-24,4.540,9.599
2010-01-25,40.495,5.437
2010-01-26,14.716,3.710
2010-01-27,87.595,3.540
2010-01-28,49.123,27.920
2010-01-29,24.556,32.848
2010-01-30,17.786,23.191
2010-01-31,13.906,19.171
2010-02-01,10.687,14.215
2010-02-02,8.360,9.458
2010-02-03,6.959,8.608
2010-02-04,6.758,16.565
2010-02-05,8.104,11.865
2010-02-06,6.452,8.042
2010-02-07,5.145,6.768
2010-02-08,4.373,9.288
2010-02-09,3.830,6.938
2010-02-10,3.386,5.409
2010-02-11,3.044,4.870
2010-02-12,2.792,4.757
2010-02-13,2.669,4.304
2010-02-14,2.844,4.049
2010-02-15,2.606,4.644
2010-02-16,2.681,5.409
2010-02-17,3.420,5.182
2010-02-18,3.051,5.437
2010-02-19,2.604,5.720
2010-02-20,2.392,6.060
2010-02-21,2.225,6.400
2010-02-22,2.084,8.778
2010-02-23,1.994,14.272
2010-02-24,1.917,11.780
2010-02-25,1.856,13.082
2010-02-26,1.840,20.416
2010-02-27,1.949,16.339
2010-02-28,1.848,14.442
2010-03-01,1.756,14.045
2010-03-02,1.711,13.989
2010-03-03,3.092,14.017
2010-03-04,2.339,14.102
2010-03-05,2.876,14.442
2010-03-06,3.070,14.980
2010-03-07,1.359,19.765
2010-03-08,0.953,12.346
2010-03-09,0.777,10.279
2010-03-10,0.686,9.175
2010-03-11,0.629,8.552
2010-03-12,0.593,7.929
2010-03-13,0.561,7.646
2010-03-14,0.549,7.419
2010-03-15,0.506,7.362
2010-03-16,0.540,7.079
2010-03-17,0.971,6.570
2010-03-18,3.142,6.796
2010-03-19,1.832,7.419
2010-03-20,1.012,7.674
2010-03-21,0.898,7.504
2010-03-22,0.695,7.787
2010-03-23,1.146,7.872
2010-03-24,2.702,8.184
2010-03-25,2.073,8.042
2010-03-26,1.219,7.391
2010-03-27,0.839,7.249
2010-03-28,0.724,7.362
2010-03-29,0.682,8.608
2010-03-30,0.640,10.336
2010-03-31,0.736,4.446
2010-04-01,0.937,3.143
2010-04-02,1.352,3.087
2010-04-03,1.225,2.730
2010-04-04,1.182,2.498
2010-04-05,5.666,2.398
2010-04-06,4.333,2.404
2010-04-07,2.659,2.356
2010-04-08,2.144,2.189
2010-04-09,2.166,2.107
2010-04-10,1.755,2.033
2010-04-11,1.441,1.977
2010-04-12,1.263,1.965
2010-04-13,1.117,1.937
2010-04-14,0.954,1.954
2010-04-15,0.859,1.920
2010-04-16,0.814,1.889
2010-04-17,1.506,1.877
2010-04-18,1.076,1.875
2010-04-19,0.891,1.872
2010-04-20,0.806,1.866
2010-04-21,1.021,1.841
2010-04-22,0.883,1.821
2010-04-23,0.351,1.812
2010-04-24,0.225,1.775
2010-04-25,0.140,1.696
2010-04-26,0.088,1.543
2010-04-27,0.140,1.331
2010-04-28,0.168,1.220
2010-04-29,0.074,1.136
2010-04-30,0.003,1.087
2010-05-01,0.000,1.090
2010-05-02,0.000,1.130
2010-05-03,0.007,1.181
2010-05-04,0.000,1.130
2010-05-05,0.041,1.039
2010-05-06,0.318,0.983
2010-05-07,0.402,1.014
2010-05-08,0.429,0.983
2010-05-09,0.448,0.841
2010-05-10,0.467,0.844
2010-05-11,0.442,0.841
2010-05-12,0.420,0.838
2010-05-13,0.420,0.821
2010-05-14,0.399,0.782
2010-05-15,0.402,0.756
2010-05-16,0.391,0.739
2010-05-17,0.374,0.731
2010-05-18,0.367,0.745
2010-05-19,0.361,0.725
2010-05-20,0.347,0.694
2010-05-21,0.344,0.708
2010-05-22,0.338,0.663
2010-05-23,0.330,0.643
2010-05-24,0.332,0.665
2010-05-25,0.324,0.657
2010-05-26,0.310,0.612
2010-05-27,0.307,0.682
2010-05-28,0.302,0.731
2010-05-29,0.286,0.702
2010-05-30,0.286,0.691
2010-05-31,0.274,0.699
2010-06-01,0.280,0.682
2010-06-02,0.261,0.651
2010-06-03,0.251,0.631
2010-06-04,0.265,0.606
2010-06-05,0.252,0.597
2010-06-06,0.245,0.589
2010-06-07,0.263,0.572
2010-06-08,0.265,0.541
2010-06-09,0.253,0.530
2010-06-10,0.253,0.532
2010-06-11,0.258,0.569
2010-06-12,0.277,0.564
2010-06-13,0.276,0.589
2010-06-14,0.263,0.595
2010-06-15,0.253,0.595
2010-06-16,0.259,0.606
2010-06-17,0.257,0.614
2010-06-18,0.239,0.589
2010-06-19,0.222,0.580
2010-06-20,0.234,0.580
2010-06-21,0.243,0.589
2010-06-22,0.235,0.629
2010-06-23,0.243,0.677
2010-06-24,0.224,0.736
2010-06-25,0.208,0.807
2010-06-26,0.219,0.813
2010-06-27,0.233,0.770
2010-06-28,0.238,0.753
2010-06-29,0.235,0.869
2010-06-30,0.242,0.875
2010-07-01,0.238,0.705
2010-07-02,0.264,0.767
2010-07-03,0.236,0.881
2010-07-04,0.268,0.937
2010-07-05,0.281,0.954
2010-07-06,0.280,0.835
2010-07-07,0.246,0.541
2010-07-08,0.246,0.646
2010-07-09,0.267,0.770
2010-07-10,0.320,0.830
2010-07-11,0.255,0.753
2010-07-12,0.209,0.728
2010-07-13,0.204,1.337
2010-07-14,0.230,1.625
2010-07-15,0.221,0.807
2010-07-16,0.221,0.660
2010-07-17,0.211,0.634
2010-07-18,0.218,0.651
2010-07-19,0.216,0.612
2010-07-20,0.216,0.566
2010-07-21,0.212,0.620
2010-07-22,0.204,0.784
2010-07-23,0.202,0.773
2010-07-24,0.183,0.736
2010-07-25,0.194,1.195
2010-07-26,0.195,2.350
2010-07-27,0.203,1.051
2010-07-28,0.206,1.002
2010-07-29,0.201,2.367
2010-07-30,0.199,1.809
2010-07-31,0.189,2.495
2010-08-01,0.185,8.891
2010-08-02,0.208,3.540
2010-08-03,0.203,2.030
2010-08-04,0.193,1.405
2010-08-05,0.179,0.886
2010-08-06,0.167,0.722
2010-08-07,0.174,0.776
2010-08-08,0.177,0.830
2010-08-09,0.178,0.648
2010-08-10,0.177,0.408
2010-08-11,0.190,0.382
2010-08-12,0.181,0.377
2010-08-13,0.158,0.365
2010-08-14,0.161,0.428
2010-08-15,0.163,0.476
2010-08-16,0.162,0.513
2010-08-17,0.164,0.872
2010-08-18,0.152,0.796
2010-08-19,0.138,0.663
2010-08-20,0.137,0.510
2010-08-21,0.154,0.442
2010-08-22,0.171,0.510
2010-08-23,0.174,0.510
2010-08-24,0.169,0.980
2010-08-25,0.163,1.620
2010-08-26,0.156,0.796
2010-08-27,0.176,0.530
2010-08-28,0.172,0.459
2010-08-29,0.168,0.487
2010-08-30,0.182,0.447
2010-08-31,0.178,0.425
2010-09-01,0.173,0.396
2010-09-02,0.139,0.365
2010-09-03,0.124,0.360
2010-09-04,0.112,0.416
2010-09-05,0.118,0.490
2010-09-06,0.136,0.411
2010-09-07,0.139,0.496
2010-09-08,0.148,0.750
2010-09-09,0.139,0.705
2010-09-10,0.137,0.592
2010-09-11,0.136,0.527
2010-09-12,0.135,0.481
2010-09-13,0.134,0.470
2010-09-14,0.133,0.470
2010-09-15,0.130,0.447
2010-09-16,0.095,0.428
2010-09-17,0.083,0.422
2010-09-18,0.100,0.459
2010-09-19,0.109,0.413
2010-09-20,0.104,0.450
2010-09-21,0.099,0.651
2010-09-22,0.097,0.739
2010-09-23,0.087,0.742
2010-09-24,0.079,0.592
2010-09-25,0.089,0.521
2010-09-26,0.098,0.572
2010-09-27,0.103,0.530
2010-09-28,0.114,0.515
2010-09-29,0.108,0.544
2010-09-30,0.108,0.515
2010-10-01,0.106,0.450
2010-10-02,0.090,0.382
2010-10-03,0.083,0.351
2010-10-04,0.086,0.422
2010-10-05,0.086,0.498
2010-10-06,0.104,0.691
2010-10-07,0.117,0.680
2010-10-08,0.111,0.668
2010-10-09,0.101,0.646
2010-10-10,0.103,0.623
2010-10-11,0.094,0.631
2010-10-12,0.076,0.629
2010-10-13,0.068,0.623
2010-10-14,0.075,0.614
2010-10-15,0.072,0.651
2010-10-16,0.073,0.648
2010-10-17,0.067,0.657
2010-10-18,0.065,0.657
2010-10-19,0.059,0.657
2010-10-20,0.058,0.660
2010-10-21,0.053,0.685
2010-10-22,0.049,0.719
2010-10-23,0.322,0.716
2010-10-24,2.054,0.685
2010-10-25,0.476,0.674
2010-10-26,0.272,0.668
2010-10-27,0.211,0.674
2010-10-28,0.245,0.674
2010-10-29,0.192,0.671
2010-10-30,0.209,0.674
2010-10-31,0.181,0.665
2010-11-01,0.162,0.663
2010-11-02,0.151,0.671
2010-11-03,0.137,0.691
2010-11-04,0.126,0.688
2010-11-05,0.114,0.691
2010-11-06,0.101,0.691
2010-11-07,0.090,0.694
2010-11-08,0.106,0.694
2010-11-09,0.106,0.697
2010-11-10,0.113,0.697
2010-11-11,0.779,0.697
2010-11-12,0.502,0.697
2010-11-13,0.267,0.702
2010-11-14,0.172,0.714
2010-11-15,0.143,0.711
2010-11-16,1.188,0.714
2010-11-17,1.276,0.708
2010-11-18,0.286,0.705
2010-11-19,0.215,0.714
2010-11-20,0.163,0.722
2010-11-21,0.134,0.728
2010-11-22,0.143,0.733
2010-11-23,0.201,0.733
2010-11-24,0.267,0.750
2010-11-25,0.387,0.733
2010-11-26,0.363,0.702
2010-11-27,0.294,0.697
2010-11-28,0.229,0.697
2010-11-29,0.167,0.691
2010-11-30,0.139,0.694
2010-12-01,0.126,0.682
2010-12-02,0.110,0.714
2010-12-03,0.093,0.742
2010-12-04,0.092,0.742
2010-12-05,0.085,0.733
2010-12-06,0.074,0.722
2010-12-07,0.070,0.702
2010-12-08,0.078,0.725
2010-12-09,0.086,0.759
2010-12-10,0.073,0.784
2010-12-11,0.256,0.756
2010-12-12,4.989,0.742
2010-12-13,5.665,0.725
2010-12-14,2.601,0.733
2010-12-15,1.341,0.750
2010-12-16,11.606,0.767
2010-12-17,8.306,0.821
2010-12-18,3.719,0.818
2010-12-19,24.858,0.790
2010-12-20,18.350,0.776
2010-12-21,6.270,0.767
2010-12-22,3.777,0.767
2010-12-23,3.194,0.804
2010-12-24,2.858,0.799
2010-12-25,3.072,0.753
2010-12-26,2.833,0.733
2010-12-27,1.781,0.728
2010-12-28,1.338,0.719
2010-12-29,6.804,0.719
2010-12-30,4.191,0.847
2010-12-31,42.535,0.841
